date,id,icon,site,missed
20210221,Extreme Sports Channel,,http://www.programme-tv.net,True
20210221,Disney Junior, https://tel.img.pmdstatic.net/fit/https.3A.2F.2Fprd2-tel-epg-img.2Es3-eu-west-1.2Eamazonaws.2Ecom.2Fchannel.2F0e5d69bc71765a6f.2Epng/80x80/quality/80/disney-junior.png,http://www.programme-tv.net,False
20210221,Piwi+, https://tel.img.pmdstatic.net/fit/https.3A.2F.2Fprd2-tel-epg-img.2Es3-eu-west-1.2Eamazonaws.2Ecom.2Fchannel.2F07c0bf5d658a342e.2Epng/80x80/quality/80/piwiplus.png,http://www.programme-tv.net,False
20210221,Nickelodeon Junior, https://tel.img.pmdstatic.net/fit/https.3A.2F.2Fprd2-tel-epg-img.2Es3-eu-west-1.2Eamazonaws.2Ecom.2Fchannel.2Fac84c77e89cd9b32.2Epng/80x80/quality/80/nickelodeon-junior.png,http://www.programme-tv.net,False
20210221,TIJI, https://tel.img.pmdstatic.net/fit/https.3A.2F.2Fprd2-tel-epg-img.2Es3-eu-west-1.2Eamazonaws.2Ecom.2Fchannel.2F1731ef81f04d9561.2Epng/80x80/quality/80/tiji.png,http://www.programme-tv.net,False
20210221,Boomerang, https://tel.img.pmdstatic.net/fit/https.3A.2F.2Fprd2-tel-epg-img.2Es3-eu-west-1.2Eamazonaws.2Ecom.2Fchannel.2F737335dc2fe15da5.2Epng/80x80/quality/80/boomerang.png,http://www.programme-tv.net,False
20210221,Cartoon Network, https://tel.img.pmdstatic.net/fit/https.3A.2F.2Fprd2-tel-epg-img.2Es3-eu-west-1.2Eamazonaws.2Ecom.2Fchannel.2Facd5f971abf31f07.2Epng/80x80/quality/80/cartoon-network.png,http://www.programme-tv.net,False
20210221,Nickelodéon, https://tel.img.pmdstatic.net/fit/https.3A.2F.2Fprd2-tel-epg-img.2Es3-eu-west-1.2Eamazonaws.2Ecom.2Fchannel.2F0ad3f1f189f4d3e9.2Epng/80x80/quality/80/nickelodeon.png,http://www.programme-tv.net,False
20210221,TéléToon+, https://tel.img.pmdstatic.net/fit/https.3A.2F.2Fprd2-tel-epg-img.2Es3-eu-west-1.2Eamazonaws.2Ecom.2Fchannel.2Fb7cfe70f3d1defa5.2Epng/80x80/quality/80/teletoonplus.png,http://www.programme-tv.net,False
20210221,Disney XD,,http://www.programme-tv.net,True
20210221,Canal J, https://tel.img.pmdstatic.net/fit/https.3A.2F.2Fprd2-tel-epg-img.2Es3-eu-west-1.2Eamazonaws.2Ecom.2Fchannel.2Ff748644545d28ca2.2Epng/80x80/quality/80/canal-j.png,http://www.programme-tv.net,False
20210221,Boing, https://tel.img.pmdstatic.net/fit/https.3A.2F.2Fprd2-tel-epg-img.2Es3-eu-west-1.2Eamazonaws.2Ecom.2Fchannel.2F0d38be6aa6f7bbd7.2Epng/80x80/quality/80/boing.png,http://www.programme-tv.net,False
20210221,Toonami, https://tel.img.pmdstatic.net/fit/https.3A.2F.2Fprd2-tel-epg-img.2Es3-eu-west-1.2Eamazonaws.2Ecom.2Fchannel.2Fb16334ac97ca376b.2Epng/80x80/quality/80/toonami.png,http://www.programme-tv.net,False
20210221,Nickelodéon Teen, https://tel.img.pmdstatic.net/fit/https.3A.2F.2Fprd2-tel-epg-img.2Es3-eu-west-1.2Eamazonaws.2Ecom.2Fchannel.2Fc0a13490bd0576e2.2Epng/80x80/quality/80/nickelodeon-teen.png,http://www.programme-tv.net,False
20210221,Disney Channel, https://tel.img.pmdstatic.net/fit/https.3A.2F.2Fprd2-tel-epg-img.2Es3-eu-west-1.2Eamazonaws.2Ecom.2Fchannel.2F9a94d9acc7a9b613.2Epng/80x80/quality/80/disney-channel.png,http://www.programme-tv.net,False
20210221,MTV Hits (France), https://tel.img.pmdstatic.net/fit/https.3A.2F.2Fprd2-tel-epg-img.2Es3-eu-west-1.2Eamazonaws.2Ecom.2Fchannel.2Fe1b23c9ba542f3a2.2Epng/80x80/quality/80/mtv-hits-france.png,http://www.programme-tv.net,False
20210221,M6 Music, https://tel.img.pmdstatic.net/fit/https.3A.2F.2Fprd2-tel-epg-img.2Es3-eu-west-1.2Eamazonaws.2Ecom.2Fchannel.2Fb21edcb883601695.2Epng/80x80/quality/80/m6-music.png,http://www.programme-tv.net,False
20210221,NRJ Hits, https://tel.img.pmdstatic.net/fit/https.3A.2F.2Fprd2-tel-epg-img.2Es3-eu-west-1.2Eamazonaws.2Ecom.2Fchannel.2Ff5a538ca935a1d38.2Epng/80x80/quality/80/nrj-hits.png,http://www.programme-tv.net,False
20210221,Trace Urban, https://tel.img.pmdstatic.net/fit/https.3A.2F.2Fprd2-tel-epg-img.2Es3-eu-west-1.2Eamazonaws.2Ecom.2Fchannel.2F05a4da2bd19b8f1e.2Epng/80x80/quality/80/trace-urban.png,http://www.programme-tv.net,False
20210221,MCM Top, https://tel.img.pmdstatic.net/fit/https.3A.2F.2Fprd2-tel-epg-img.2Es3-eu-west-1.2Eamazonaws.2Ecom.2Fchannel.2F4b1a972ef402680d.2Epng/80x80/quality/80/mcm-top.png,http://www.programme-tv.net,False
20210221,RFM TV, https://tel.img.pmdstatic.net/fit/https.3A.2F.2Fprd2-tel-epg-img.2Es3-eu-west-1.2Eamazonaws.2Ecom.2Fchannel.2Fd4373bfa242dad06.2Epng/80x80/quality/80/rfm-tv.png,http://www.programme-tv.net,False
20210221,Melody, https://tel.img.pmdstatic.net/fit/https.3A.2F.2Fprd2-tel-epg-img.2Es3-eu-west-1.2Eamazonaws.2Ecom.2Fchannel.2Fe3cb744efff1a629.2Epng/80x80/quality/80/melody.png,http://www.programme-tv.net,False
20210221,Mezzo, https://tel.img.pmdstatic.net/fit/https.3A.2F.2Fprd2-tel-epg-img.2Es3-eu-west-1.2Eamazonaws.2Ecom.2Fchannel.2Ffb319c1ceb073660.2Epng/80x80/quality/80/mezzo.png,http://www.programme-tv.net,False
20210221,Mezzo Live HD, https://tel.img.pmdstatic.net/fit/https.3A.2F.2Fprd2-tel-epg-img.2Es3-eu-west-1.2Eamazonaws.2Ecom.2Fchannel.2F6cfb34fa55fa62bf.2Epng/80x80/quality/80/mezzo-live-hd.png,http://www.programme-tv.net,False
20210221,Stingray Brava,,http://www.programme-tv.net,True
20210221,Nollywood TV, https://tel.img.pmdstatic.net/fit/https.3A.2F.2Fprd2-tel-epg-img.2Es3-eu-west-1.2Eamazonaws.2Ecom.2Fchannel.2F4933fa7331952df3.2Epng/80x80/quality/80/nollywood-tv.png,http://www.programme-tv.net,False
20210221,A+ International France, https://tel.img.pmdstatic.net/fit/https.3A.2F.2Fprd2-tel-epg-img.2Es3-eu-west-1.2Eamazonaws.2Ecom.2Fchannel.2F0e21757e3e6c4c97.2Epng/80x80/quality/80/aplus-international-france.png,http://www.programme-tv.net,False
20210221,Trace Africa, https://tel.img.pmdstatic.net/fit/https.3A.2F.2Fprd2-tel-epg-img.2Es3-eu-west-1.2Eamazonaws.2Ecom.2Fchannel.2F09e44891d0510f40.2Epng/80x80/quality/80/trace-africa.png,http://www.programme-tv.net,False
20210221,XXL, https://tel.img.pmdstatic.net/fit/https.3A.2F.2Fprd2-tel-epg-img.2Es3-eu-west-1.2Eamazonaws.2Ecom.2Fchannel.2Fee385ff55e53018d.2Epng/80x80/quality/80/xxl.png,http://www.programme-tv.net,False
20210221,Pink TV, https://tel.img.pmdstatic.net/fit/https.3A.2F.2Fprd2-tel-epg-img.2Es3-eu-west-1.2Eamazonaws.2Ecom.2Fchannel.2F8a8995cf5e3427ae.2Epng/80x80/quality/80/pink-tv.png,http://www.programme-tv.net,False
20210221,beIN SPORTS MAX 4, https://tel.img.pmdstatic.net/fit/https.3A.2F.2Fprd2-tel-epg-img.2Es3-eu-west-1.2Eamazonaws.2Ecom.2Fchannel.2F88a42924c2c4c997.2Epng/80x80/quality/80/bein-sports-max-4.png,http://www.programme-tv.net,False
20210221,Paramount,http://content.osn.com/logo/channel/cropped/PAR.png,http://www.osn.com,True
20210221,Star Movies HD,http://content.osn.com/logo/channel/cropped/STM.png,http://www.osn.com,True
20210221,B4U Plus,http://content.osn.com/logo/channel/cropped/B4P.png,http://www.osn.com,True
20210221,Imagine Movies,http://content.osn.com/logo/channel/cropped/IMA.png,http://www.osn.com,True
20210221,OSN Ya Hala Al Oula,http://content.osn.com/logo/channel/cropped/OYH.png,http://www.osn.com,True
20210221,OSN Ya Hala,http://content.osn.com/logo/channel/cropped/OYA.png,http://www.osn.com,True
20210221,OSN Yahala Cinema,http://content.osn.com/logo/channel/cropped/OYC.png,http://www.osn.com,True
20210221,Series Channel,http://content.osn.com/logo/channel/cropped/SER.png,http://www.osn.com,True
20210221,Al Yawm,http://content.osn.com/logo/channel/cropped/YAW.png,http://www.osn.com,True
20210221,Al Safwa,http://content.osn.com/logo/channel/cropped/SAF.png,http://www.osn.com,True
20210221,Fann,http://content.osn.com/logo/channel/cropped/FAN.png,http://www.osn.com,True
20210221,ABS-CBN Regional Channel,http://content.osn.com/logo/channel/cropped/ARC.png,http://www.osn.com,True
20210221,Aksyon TV,http://content.osn.com/logo/channel/cropped/AKS.png,http://www.osn.com,True
20210221,Cine Mo,http://content.osn.com/logo/channel/cropped/CIN.png,http://www.osn.com,True
20210221,Lifestyle Network,http://content.osn.com/logo/channel/cropped/LSN.png,http://www.osn.com,True
20210221,GMA Pinoy TV,http://content.osn.com/logo/channel/cropped/GMA.png,http://www.osn.com,True
20210221,GMA Life TV,http://content.osn.com/logo/channel/cropped/GML.png,http://www.osn.com,True
20210221,GMA News TV,http://content.osn.com/logo/channel/cropped/GMN.png,http://www.osn.com,True
20210221,NET 25,http://content.osn.com/logo/channel/cropped/NET.png,http://www.osn.com,True
20210221,beIN SPORTS MAX 5, https://tel.img.pmdstatic.net/fit/https.3A.2F.2Fprd2-tel-epg-img.2Es3-eu-west-1.2Eamazonaws.2Ecom.2Fchannel.2F9c869cdecb9a6c36.2Epng/80x80/quality/80/bein-sports-max-5.png,http://www.programme-tv.net,False
20210221,beIN SPORTS MAX 6, https://tel.img.pmdstatic.net/fit/https.3A.2F.2Fprd2-tel-epg-img.2Es3-eu-west-1.2Eamazonaws.2Ecom.2Fchannel.2F62ebc7a06f14c677.2Epng/80x80/quality/80/bein-sports-max-6.png,http://www.programme-tv.net,False
20210221,beIN SPORTS MAX 7, https://tel.img.pmdstatic.net/fit/https.3A.2F.2Fprd2-tel-epg-img.2Es3-eu-west-1.2Eamazonaws.2Ecom.2Fchannel.2Fe230707a846c7534.2Epng/80x80/quality/80/bein-sports-max-7.png,http://www.programme-tv.net,False
20210221,beIN SPORTS MAX 8, https://tel.img.pmdstatic.net/fit/https.3A.2F.2Fprd2-tel-epg-img.2Es3-eu-west-1.2Eamazonaws.2Ecom.2Fchannel.2F36767adfe63d9618.2Epng/80x80/quality/80/bein-sports-max-8.png,http://www.programme-tv.net,False
20210221,beIN SPORTS MAX 9, https://tel.img.pmdstatic.net/fit/https.3A.2F.2Fprd2-tel-epg-img.2Es3-eu-west-1.2Eamazonaws.2Ecom.2Fchannel.2F336f2d894ae76f43.2Epng/80x80/quality/80/bein-sports-max-9.png,http://www.programme-tv.net,False
20210221,beIN SPORTS MAX 10, https://tel.img.pmdstatic.net/fit/https.3A.2F.2Fprd2-tel-epg-img.2Es3-eu-west-1.2Eamazonaws.2Ecom.2Fchannel.2Ff240cef75d7dde40.2Epng/80x80/quality/80/bein-sports-max-10.png,http://www.programme-tv.net,False
20210221,RMC Sport Live 5, https://tel.img.pmdstatic.net/fit/https.3A.2F.2Fprd2-tel-epg-img.2Es3-eu-west-1.2Eamazonaws.2Ecom.2Fchannel.2Fd618874a3b9b7141.2Epng/80x80/quality/80/rmc-sport-live-5.png,http://www.programme-tv.net,False
20210221,RMC Sport Live 6, https://tel.img.pmdstatic.net/fit/https.3A.2F.2Fprd2-tel-epg-img.2Es3-eu-west-1.2Eamazonaws.2Ecom.2Fchannel.2F23ed35cd25930973.2Epng/80x80/quality/80/rmc-sport-live-6.png,http://www.programme-tv.net,False
20210221,RMC Sport Live 7, https://tel.img.pmdstatic.net/fit/https.3A.2F.2Fprd2-tel-epg-img.2Es3-eu-west-1.2Eamazonaws.2Ecom.2Fchannel.2F5c6f4d1f05d2f3bb.2Epng/80x80/quality/80/rmc-sport-live-7.png,http://www.programme-tv.net,False
20210221,RMC Sport Live 8, https://tel.img.pmdstatic.net/fit/https.3A.2F.2Fprd2-tel-epg-img.2Es3-eu-west-1.2Eamazonaws.2Ecom.2Fchannel.2F3719059b3c04e9c5.2Epng/80x80/quality/80/rmc-sport-live-8.png,http://www.programme-tv.net,False
20210221,RMC Sport Live 9, https://tel.img.pmdstatic.net/fit/https.3A.2F.2Fprd2-tel-epg-img.2Es3-eu-west-1.2Eamazonaws.2Ecom.2Fchannel.2F5b55555202907c4c.2Epng/80x80/quality/80/rmc-sport-live-9.png,http://www.programme-tv.net,False
20210221,RMC Sport Live 10, https://tel.img.pmdstatic.net/fit/https.3A.2F.2Fprd2-tel-epg-img.2Es3-eu-west-1.2Eamazonaws.2Ecom.2Fchannel.2F98c5b30613df6aea.2Epng/80x80/quality/80/rmc-sport-live-10.png,http://www.programme-tv.net,False
20210221,RMC Sport Live 11, https://tel.img.pmdstatic.net/fit/https.3A.2F.2Fprd2-tel-epg-img.2Es3-eu-west-1.2Eamazonaws.2Ecom.2Fchannel.2F01638d7c515f70f6.2Epng/80x80/quality/80/rmc-sport-live-11.png,http://www.programme-tv.net,False
20210221,RMC Sport Live 12, https://tel.img.pmdstatic.net/fit/https.3A.2F.2Fprd2-tel-epg-img.2Es3-eu-west-1.2Eamazonaws.2Ecom.2Fchannel.2F1631bca8634f60a0.2Epng/80x80/quality/80/rmc-sport-live-12.png,http://www.programme-tv.net,False
20210221,RMC Sport Live 13, https://tel.img.pmdstatic.net/fit/https.3A.2F.2Fprd2-tel-epg-img.2Es3-eu-west-1.2Eamazonaws.2Ecom.2Fchannel.2Ffe7248cb701f3577.2Epng/80x80/quality/80/rmc-sport-live-13.png,http://www.programme-tv.net,False
20210221,RMC Sport Live 14, https://tel.img.pmdstatic.net/fit/https.3A.2F.2Fprd2-tel-epg-img.2Es3-eu-west-1.2Eamazonaws.2Ecom.2Fchannel.2F02e4d0b784c97af2.2Epng/80x80/quality/80/rmc-sport-live-14.png,http://www.programme-tv.net,False
20210221,RMC Sport Live 15, https://tel.img.pmdstatic.net/fit/https.3A.2F.2Fprd2-tel-epg-img.2Es3-eu-west-1.2Eamazonaws.2Ecom.2Fchannel.2Fed0b2091049858de.2Epng/80x80/quality/80/rmc-sport-live-15.png,http://www.programme-tv.net,False
20210221,RMC Sport Live 16, https://tel.img.pmdstatic.net/fit/https.3A.2F.2Fprd2-tel-epg-img.2Es3-eu-west-1.2Eamazonaws.2Ecom.2Fchannel.2F2ef7b83b52ce3868.2Epng/80x80/quality/80/rmc-sport-live-16.png,http://www.programme-tv.net,False
20210221,France 3 Corse Via Stella, https://tel.img.pmdstatic.net/fit/https.3A.2F.2Fprd2-tel-epg-img.2Es3-eu-west-1.2Eamazonaws.2Ecom.2Fchannel.2Fbf71d119cb9019ac.2Epng/80x80/quality/80/france-3-corse-via-stella.png,http://www.programme-tv.net,False
20210221,2M Monde,,http://www.programme-tv.net,True
20210221,Al Jazeera English, https://tel.img.pmdstatic.net/fit/https.3A.2F.2Fprd2-tel-epg-img.2Es3-eu-west-1.2Eamazonaws.2Ecom.2Fchannel.2F22f052bb5b5a1ba5.2Epng/80x80/quality/80/al-jazeera-english.png,http://www.programme-tv.net,False
20210221,RTPI, https://tel.img.pmdstatic.net/fit/https.3A.2F.2Fprd2-tel-epg-img.2Es3-eu-west-1.2Eamazonaws.2Ecom.2Fchannel.2Fdfabbd445038b6a6.2Epng/80x80/quality/80/rtpi.png,http://www.programme-tv.net,False
20210221,TVE, https://tel.img.pmdstatic.net/fit/https.3A.2F.2Fprd2-tel-epg-img.2Es3-eu-west-1.2Eamazonaws.2Ecom.2Fchannel.2F185a2b5c6b737613.2Epng/80x80/quality/80/tve.png,http://www.programme-tv.net,False
20210221,RTL Télévision, https://tel.img.pmdstatic.net/fit/https.3A.2F.2Fprd2-tel-epg-img.2Es3-eu-west-1.2Eamazonaws.2Ecom.2Fchannel.2F3135b0469ad03e18.2Epng/80x80/quality/80/rtl-television.png,http://www.programme-tv.net,False
20210221,ARD, https://tel.img.pmdstatic.net/fit/https.3A.2F.2Fprd2-tel-epg-img.2Es3-eu-west-1.2Eamazonaws.2Ecom.2Fchannel.2Fc5541ae9c4596240.2Epng/80x80/quality/80/das-erste.png,http://www.programme-tv.net,False
20210221,RMC Sport 1 UHD, https://tel.img.pmdstatic.net/fit/https.3A.2F.2Fprd2-tel-epg-img.2Es3-eu-west-1.2Eamazonaws.2Ecom.2Fchannel.2F885b56457e821e22.2Epng/80x80/quality/80/rmc-sport-1-uhd.png,http://www.programme-tv.net,False
20210221,Altice Studio, https://tel.img.pmdstatic.net/fit/https.3A.2F.2Fprd2-tel-epg-img.2Es3-eu-west-1.2Eamazonaws.2Ecom.2Fchannel.2Fe1b7413d4669c299.2Epng/80x80/quality/80/altice-studio.png,http://www.programme-tv.net,False
20210221,BFM Paris, https://tel.img.pmdstatic.net/fit/https.3A.2F.2Fprd2-tel-epg-img.2Es3-eu-west-1.2Eamazonaws.2Ecom.2Fchannel.2Fcfad56f8972ea36a.2Epng/80x80/quality/80/bfm-paris.png,http://www.programme-tv.net,False
20210221,Discovery Channel, https://tel.img.pmdstatic.net/fit/https.3A.2F.2Fprd2-tel-epg-img.2Es3-eu-west-1.2Eamazonaws.2Ecom.2Fchannel.2Fd7f5a528752404ed.2Epng/80x80/quality/80/discovery-channel.png,http://www.programme-tv.net,False
20210221,Discovery Science, https://tel.img.pmdstatic.net/fit/https.3A.2F.2Fprd2-tel-epg-img.2Es3-eu-west-1.2Eamazonaws.2Ecom.2Fchannel.2F3373346cae75f6e5.2Epng/80x80/quality/80/discovery-science.png,http://www.programme-tv.net,False
20210221,Discovery Family, https://tel.img.pmdstatic.net/fit/https.3A.2F.2Fprd2-tel-epg-img.2Es3-eu-west-1.2Eamazonaws.2Ecom.2Fchannel.2F53474ebd43199156.2Epng/80x80/quality/80/discovery-family.png,http://www.programme-tv.net,False
20210221,My Cuisine,,http://www.m.programme-tv.net,True
20210221,13eme RUE, https://tel.img.pmdstatic.net/fit/https.3A.2F.2Fprd2-tel-epg-img.2Es3-eu-west-1.2Eamazonaws.2Ecom.2Fchannel.2F19287f4e6f342437.2Epng/80x80/quality/80/13eme-rue.png,http://www.programme-tv.net,False
20210221,Syfy, https://tel.img.pmdstatic.net/fit/https.3A.2F.2Fprd2-tel-epg-img.2Es3-eu-west-1.2Eamazonaws.2Ecom.2Fchannel.2F8899b478e76fcf01.2Epng/80x80/quality/80/syfy.png,http://www.programme-tv.net,False
20210221,E !, https://tel.img.pmdstatic.net/fit/https.3A.2F.2Fprd2-tel-epg-img.2Es3-eu-west-1.2Eamazonaws.2Ecom.2Fchannel.2F911fd219b7ebcd6f.2Epng/80x80/quality/80/e.png,http://www.programme-tv.net,False
20210221,Vivolta,,http://www.m.programme-tv.net,True
20210221,RMC Sport Access 1, https://tel.img.pmdstatic.net/fit/https.3A.2F.2Fprd2-tel-epg-img.2Es3-eu-west-1.2Eamazonaws.2Ecom.2Fchannel.2F888e30e1f42d209f.2Epng/80x80/quality/80/rmc-sport-access-1.png,http://www.programme-tv.net,False
20210221,RMC Sport Access 2, https://tel.img.pmdstatic.net/fit/https.3A.2F.2Fprd2-tel-epg-img.2Es3-eu-west-1.2Eamazonaws.2Ecom.2Fchannel.2F80fe219d046f3d16.2Epng/80x80/quality/80/rmc-sport-access-2.png,http://www.programme-tv.net,False
20210221,RMC Sport Access 3, https://tel.img.pmdstatic.net/fit/https.3A.2F.2Fprd2-tel-epg-img.2Es3-eu-west-1.2Eamazonaws.2Ecom.2Fchannel.2Fd34e3edeef0c209f.2Epng/80x80/quality/80/rmc-sport-access-3.png,http://www.programme-tv.net,False
20210221,Golf Channel, https://tel.img.pmdstatic.net/fit/https.3A.2F.2Fprd2-tel-epg-img.2Es3-eu-west-1.2Eamazonaws.2Ecom.2Fchannel.2F84167f30240b559b.2Epng/80x80/quality/80/golf-channel.png,http://www.programme-tv.net,False
20210221,TRACE Sport Stars, https://tel.img.pmdstatic.net/fit/https.3A.2F.2Fprd2-tel-epg-img.2Es3-eu-west-1.2Eamazonaws.2Ecom.2Fchannel.2F6a53f8b8d2c02d57.2Epng/80x80/quality/80/trace-sport-stars.png,http://www.programme-tv.net,False
20210221,Eurochannel, https://tel.img.pmdstatic.net/fit/https.3A.2F.2Fprd2-tel-epg-img.2Es3-eu-west-1.2Eamazonaws.2Ecom.2Fchannel.2Fc435d451d205ec46.2Epng/80x80/quality/80/eurochannel.png,http://www.programme-tv.net,False
20210221,Fashion TV, https://tel.img.pmdstatic.net/fit/https.3A.2F.2Fprd2-tel-epg-img.2Es3-eu-west-1.2Eamazonaws.2Ecom.2Fchannel.2Fa45b35936e45d4f9.2Epng/80x80/quality/80/fashion-tv.png,http://www.programme-tv.net,False
20210221,Baby TV, https://tel.img.pmdstatic.net/fit/https.3A.2F.2Fprd2-tel-epg-img.2Es3-eu-west-1.2Eamazonaws.2Ecom.2Fchannel.2Fd7fcb11de7625964.2Epng/80x80/quality/80/baby-tv.png,http://www.programme-tv.net,False
20210221,Gong, https://tel.img.pmdstatic.net/fit/https.3A.2F.2Fprd2-tel-epg-img.2Es3-eu-west-1.2Eamazonaws.2Ecom.2Fchannel.2F64ca2a6596181a83.2Epng/80x80/quality/80/gong.png,http://www.programme-tv.net,False
20210221,Gong Max, https://tel.img.pmdstatic.net/fit/https.3A.2F.2Fprd2-tel-epg-img.2Es3-eu-west-1.2Eamazonaws.2Ecom.2Fchannel.2F85928428309fc26f.2Epng/80x80/quality/80/gong-max.png,http://www.programme-tv.net,False
20210221,Ginx, https://tel.img.pmdstatic.net/fit/https.3A.2F.2Fprd2-tel-epg-img.2Es3-eu-west-1.2Eamazonaws.2Ecom.2Fchannel.2F94190555ba68f75b.2Epng/80x80/quality/80/ginx.png,http://www.programme-tv.net,False
20210221,MTV Hits, https://tel.img.pmdstatic.net/fit/https.3A.2F.2Fprd2-tel-epg-img.2Es3-eu-west-1.2Eamazonaws.2Ecom.2Fchannel.2Fec6749972ec326c6.2Epng/80x80/quality/80/mtv-hits.png,http://www.programme-tv.net,False
20210221,Trace Tropical, https://tel.img.pmdstatic.net/fit/https.3A.2F.2Fprd2-tel-epg-img.2Es3-eu-west-1.2Eamazonaws.2Ecom.2Fchannel.2F6fbee5e42de8b07f.2Epng/80x80/quality/80/trace-tropical.png,http://www.programme-tv.net,False
20210221,BBlack, https://tel.img.pmdstatic.net/fit/https.3A.2F.2Fprd2-tel-epg-img.2Es3-eu-west-1.2Eamazonaws.2Ecom.2Fchannel.2Fe54de61aabadc8c3.2Epng/80x80/quality/80/bblack.png,http://www.programme-tv.net,False
20210221,VH1, https://tel.img.pmdstatic.net/fit/https.3A.2F.2Fprd2-tel-epg-img.2Es3-eu-west-1.2Eamazonaws.2Ecom.2Fchannel.2F5d3f3fbae864fd7b.2Epng/80x80/quality/80/vh1.png,http://www.programme-tv.net,False
20210221,VH1 Classic, https://tel.img.pmdstatic.net/fit/https.3A.2F.2Fprd2-tel-epg-img.2Es3-eu-west-1.2Eamazonaws.2Ecom.2Fchannel.2F8972fd386a1a3239.2Epng/80x80/quality/80/vh1-classic.png,http://www.programme-tv.net,False
20210221,MTV Rocks, https://tel.img.pmdstatic.net/fit/https.3A.2F.2Fprd2-tel-epg-img.2Es3-eu-west-1.2Eamazonaws.2Ecom.2Fchannel.2F27eab134bcaf8ba4.2Epng/80x80/quality/80/mtv-rocks.png,http://www.programme-tv.net,False
20210221,Stingray i-Concerts, https://tel.img.pmdstatic.net/fit/https.3A.2F.2Fprd2-tel-epg-img.2Es3-eu-west-1.2Eamazonaws.2Ecom.2Fchannel.2Fb981ac36a710cf68.2Epng/80x80/quality/80/stingray-i-concerts.png,http://www.programme-tv.net,False
20210221,Rai Uno, https://tel.img.pmdstatic.net/fit/https.3A.2F.2Fprd2-tel-epg-img.2Es3-eu-west-1.2Eamazonaws.2Ecom.2Fchannel.2F4ebc2b0a45a6200d.2Epng/80x80/quality/80/rai-uno.png,http://www.programme-tv.net,False
20210221,BBC Entertainment, https://tel.img.pmdstatic.net/fit/https.3A.2F.2Fprd2-tel-epg-img.2Es3-eu-west-1.2Eamazonaws.2Ecom.2Fchannel.2F8e063482fc53e822.2Epng/80x80/quality/80/bbc-entertainment.png,http://www.programme-tv.net,False
20210221,SWR, https://tel.img.pmdstatic.net/fit/https.3A.2F.2Fprd2-tel-epg-img.2Es3-eu-west-1.2Eamazonaws.2Ecom.2Fchannel.2Fc37c9fe79b51fa5e.2Epng/80x80/quality/80/swr.png,http://www.programme-tv.net,False
20210221,ZDF, https://tel.img.pmdstatic.net/fit/https.3A.2F.2Fprd2-tel-epg-img.2Es3-eu-west-1.2Eamazonaws.2Ecom.2Fchannel.2F570f45b1a1e5d670.2Epng/80x80/quality/80/zdf.png,http://www.programme-tv.net,False
20210221,RTS Un, https://tel.img.pmdstatic.net/fit/https.3A.2F.2Fprd2-tel-epg-img.2Es3-eu-west-1.2Eamazonaws.2Ecom.2Fchannel.2F10cd9b646218569e.2Epng/80x80/quality/80/rts-un.png,http://www.programme-tv.net,False
20210221,RTS Deux, https://tel.img.pmdstatic.net/fit/https.3A.2F.2Fprd2-tel-epg-img.2Es3-eu-west-1.2Eamazonaws.2Ecom.2Fchannel.2F2f3a92c7c270c917.2Epng/80x80/quality/80/rts-deux.png,http://www.programme-tv.net,False
20210221,B.One, https://tel.img.pmdstatic.net/fit/https.3A.2F.2Fprd2-tel-epg-img.2Es3-eu-west-1.2Eamazonaws.2Ecom.2Fchannel.2Fe87b13ffcd02d3aa.2Epng/80x80/quality/80/b-one.png,http://www.programme-tv.net,False
20210221,Gospel Music TV, https://tel.img.pmdstatic.net/fit/https.3A.2F.2Fprd2-tel-epg-img.2Es3-eu-west-1.2Eamazonaws.2Ecom.2Fchannel.2F8d58cd3ce94e9ae8.2Epng/80x80/quality/80/gospel-music-tv.png,http://www.programme-tv.net,False
20210221,La Une, https://tel.img.pmdstatic.net/fit/https.3A.2F.2Fprd2-tel-epg-img.2Es3-eu-west-1.2Eamazonaws.2Ecom.2Fchannel.2F73a90777d2beed1d.2Epng/80x80/quality/80/la-une.png,http://www.programme-tv.net,False
20210221,La Deux, https://tel.img.pmdstatic.net/fit/https.3A.2F.2Fprd2-tel-epg-img.2Es3-eu-west-1.2Eamazonaws.2Ecom.2Fchannel.2F8107d72a6d5971bf.2Epng/80x80/quality/80/tipik.png,http://www.programme-tv.net,False
20210221,La Trois, https://tel.img.pmdstatic.net/fit/https.3A.2F.2Fprd2-tel-epg-img.2Es3-eu-west-1.2Eamazonaws.2Ecom.2Fchannel.2F6acb2d1bc9aef30f.2Epng/80x80/quality/80/la-trois.png,http://www.programme-tv.net,False
20210221,RTL TVI, https://tel.img.pmdstatic.net/fit/https.3A.2F.2Fprd2-tel-epg-img.2Es3-eu-west-1.2Eamazonaws.2Ecom.2Fchannel.2F39a44640abab5eba.2Epng/80x80/quality/80/rtl-tvi.png,http://www.programme-tv.net,False
20210221,Club RTL, https://tel.img.pmdstatic.net/fit/https.3A.2F.2Fprd2-tel-epg-img.2Es3-eu-west-1.2Eamazonaws.2Ecom.2Fchannel.2F9c4ce5e7b9031409.2Epng/80x80/quality/80/club-rtl.png,http://www.programme-tv.net,False
20210221,Plug RTL, https://tel.img.pmdstatic.net/fit/https.3A.2F.2Fprd2-tel-epg-img.2Es3-eu-west-1.2Eamazonaws.2Ecom.2Fchannel.2F1e84f9ad032bf7b8.2Epng/80x80/quality/80/plug-rtl.png,http://www.programme-tv.net,False
20210221,Arte Belgique,,http://www.m.programme-tv.net,True
20210221,AB 3, https://tel.img.pmdstatic.net/fit/https.3A.2F.2Fprd2-tel-epg-img.2Es3-eu-west-1.2Eamazonaws.2Ecom.2Fchannel.2F726e00dfb4f49549.2Epng/80x80/quality/80/ab-3.png,http://www.programme-tv.net,False
20210221,Be Séries, https://tel.img.pmdstatic.net/fit/https.3A.2F.2Fprd2-tel-epg-img.2Es3-eu-west-1.2Eamazonaws.2Ecom.2Fchannel.2Faabfff3bca1d8c2c.2Epng/80x80/quality/80/be-series.png,http://www.programme-tv.net,False
20210221,Be Ciné, https://tel.img.pmdstatic.net/fit/https.3A.2F.2Fprd2-tel-epg-img.2Es3-eu-west-1.2Eamazonaws.2Ecom.2Fchannel.2F97cfabfee254ebbc.2Epng/80x80/quality/80/be-cine.png,http://www.programme-tv.net,False
20210221,Ciné+ Premier Belgique,,http://www.m.programme-tv.net,True
20210221,Ciné+ Frisson Belgique,,http://www.m.programme-tv.net,True
20210221,Ciné+ Classic Belgique,,http://www.m.programme-tv.net,True
20210221,VOOsport World 2, https://tel.img.pmdstatic.net/fit/https.3A.2F.2Fprd2-tel-epg-img.2Es3-eu-west-1.2Eamazonaws.2Ecom.2Fchannel.2Fb7741c3d602dc4c9.2Epng/80x80/quality/80/voosport-world-2.png,http://www.programme-tv.net,False
20210221,VOOsport World 3,,http://www.m.programme-tv.net,True
20210221,Eleven Sports 1,,http://www.m.programme-tv.net,True
20210221,Eleven Sports 2,,http://www.m.programme-tv.net,True
20210221,Nautical Channel, https://tel.img.pmdstatic.net/fit/https.3A.2F.2Fprd2-tel-epg-img.2Es3-eu-west-1.2Eamazonaws.2Ecom.2Fchannel.2Fc53b3715a9c32697.2Epng/80x80/quality/80/nautical-channel.png,http://www.programme-tv.net,False
20210221,RTC Télé Liège,,http://www.m.programme-tv.net,True
20210221,Télé Sambre,,http://www.m.programme-tv.net,True
20210221,TV COM,,http://www.m.programme-tv.net,True
20210221,TV Lux,,http://www.m.programme-tv.net,True
20210221,Vedia,,http://www.m.programme-tv.net,True
20210221,NoTélé,,http://www.m.programme-tv.net,True
20210221,Canal C,,http://www.m.programme-tv.net,True
20210221,Télé MB,,http://www.m.programme-tv.net,True
20210221,MAtélé,,http://www.m.programme-tv.net,True
20210221,Canal Zoom,,http://www.m.programme-tv.net,True
20210221,BX1,,http://www.m.programme-tv.net,True
20210221,Nickelodéon Wallonia, https://tel.img.pmdstatic.net/fit/https.3A.2F.2Fprd2-tel-epg-img.2Es3-eu-west-1.2Eamazonaws.2Ecom.2Fchannel.2F6de70f730dc79fc7.2Epng/80x80/quality/80/nickelodeon-wallonia.png,http://www.programme-tv.net,False
20210221,Disney Channel Wallonia, https://tel.img.pmdstatic.net/fit/https.3A.2F.2Fprd2-tel-epg-img.2Es3-eu-west-1.2Eamazonaws.2Ecom.2Fchannel.2F2d9ffae25505b579.2Epng/80x80/quality/80/disney-channel-wallonia.png,http://www.programme-tv.net,False
20210221,Stingray Festival 4K, https://tel.img.pmdstatic.net/fit/https.3A.2F.2Fprd2-tel-epg-img.2Es3-eu-west-1.2Eamazonaws.2Ecom.2Fchannel.2Fe310e4fbe0f81e94.2Epng/80x80/quality/80/stingray-festival-4k.png,http://www.programme-tv.net,False
20210221,ABXPLORE, https://tel.img.pmdstatic.net/fit/https.3A.2F.2Fprd2-tel-epg-img.2Es3-eu-west-1.2Eamazonaws.2Ecom.2Fchannel.2F424c732707011a90.2Epng/80x80/quality/80/abxplore.png,http://www.programme-tv.net,False
20210221,Canal Z, https://tel.img.pmdstatic.net/fit/https.3A.2F.2Fprd2-tel-epg-img.2Es3-eu-west-1.2Eamazonaws.2Ecom.2Fchannel.2F4e446d2750aa7511.2Epng/80x80/quality/80/canal-z.png,http://www.programme-tv.net,False
20210221,één, https://tel.img.pmdstatic.net/fit/https.3A.2F.2Fprd2-tel-epg-img.2Es3-eu-west-1.2Eamazonaws.2Ecom.2Fchannel.2F1bbaf6e99512df7c.2Epng/80x80/quality/80/een.png,http://www.programme-tv.net,False
20210221,Canvas, https://tel.img.pmdstatic.net/fit/https.3A.2F.2Fprd2-tel-epg-img.2Es3-eu-west-1.2Eamazonaws.2Ecom.2Fchannel.2F2269e109f11ac6c6.2Epng/80x80/quality/80/canvas.png,http://www.programme-tv.net,False
20210221,Vier, https://tel.img.pmdstatic.net/fit/https.3A.2F.2Fprd2-tel-epg-img.2Es3-eu-west-1.2Eamazonaws.2Ecom.2Fchannel.2F022ba0a9025f1e2d.2Epng/80x80/quality/80/vier.png,http://www.programme-tv.net,False
20210221,Vijf, https://tel.img.pmdstatic.net/fit/https.3A.2F.2Fprd2-tel-epg-img.2Es3-eu-west-1.2Eamazonaws.2Ecom.2Fchannel.2F6dc829f8b71d6ca9.2Epng/80x80/quality/80/vijf.png,http://www.programme-tv.net,False
20210221,Vitaya, https://tel.img.pmdstatic.net/fit/https.3A.2F.2Fprd2-tel-epg-img.2Es3-eu-west-1.2Eamazonaws.2Ecom.2Fchannel.2Feba0d7eef1f4cf99.2Epng/80x80/quality/80/vtm-3.png,http://www.programme-tv.net,False
20210221,VTM, https://tel.img.pmdstatic.net/fit/https.3A.2F.2Fprd2-tel-epg-img.2Es3-eu-west-1.2Eamazonaws.2Ecom.2Fchannel.2Fba4cfc2b7c18f751.2Epng/80x80/quality/80/vtm.png,http://www.programme-tv.net,False
20210221,Q2, https://tel.img.pmdstatic.net/fit/https.3A.2F.2Fprd2-tel-epg-img.2Es3-eu-west-1.2Eamazonaws.2Ecom.2Fchannel.2F5f1807e09b5f4010.2Epng/80x80/quality/80/vtm-2.png,http://www.programme-tv.net,False
20210221,NPO1, https://tel.img.pmdstatic.net/fit/https.3A.2F.2Fprd2-tel-epg-img.2Es3-eu-west-1.2Eamazonaws.2Ecom.2Fchannel.2F7f93bd97c88bebd1.2Epng/80x80/quality/80/npo1.png,http://www.programme-tv.net,False
20210221,NPO2, https://tel.img.pmdstatic.net/fit/https.3A.2F.2Fprd2-tel-epg-img.2Es3-eu-west-1.2Eamazonaws.2Ecom.2Fchannel.2F063289e71c3e38ee.2Epng/80x80/quality/80/npo2.png,http://www.programme-tv.net,False
20210221,NPO3,,http://www.m.programme-tv.net,True
20210221,BBC 1, https://tel.img.pmdstatic.net/fit/https.3A.2F.2Fprd2-tel-epg-img.2Es3-eu-west-1.2Eamazonaws.2Ecom.2Fchannel.2F63311be4004f9b5b.2Epng/80x80/quality/80/bbc-1.png,http://www.programme-tv.net,False
20210221,BBC 2, https://tel.img.pmdstatic.net/fit/https.3A.2F.2Fprd2-tel-epg-img.2Es3-eu-west-1.2Eamazonaws.2Ecom.2Fchannel.2Fad0352700baeaf3f.2Epng/80x80/quality/80/bbc-2.png,http://www.programme-tv.net,False
20210221,BE 1, https://tel.img.pmdstatic.net/fit/https.3A.2F.2Fprd2-tel-epg-img.2Es3-eu-west-1.2Eamazonaws.2Ecom.2Fchannel.2Fc06925ea666800b9.2Epng/80x80/quality/80/be-1.png,http://www.programme-tv.net,False
20210221,VOOsport World 1, https://tel.img.pmdstatic.net/fit/https.3A.2F.2Fprd2-tel-epg-img.2Es3-eu-west-1.2Eamazonaws.2Ecom.2Fchannel.2F4952baec80a8f6de.2Epng/80x80/quality/80/voosport-world-1.png,http://www.programme-tv.net,False
20210221,Crime District, https://tel.img.pmdstatic.net/fit/https.3A.2F.2Fprd2-tel-epg-img.2Es3-eu-west-1.2Eamazonaws.2Ecom.2Fchannel.2Fd25233efc61db492.2Epng/80x80/quality/80/crime-district.png,http://www.programme-tv.net,False
20210221,Demain TV, https://tel.img.pmdstatic.net/fit/https.3A.2F.2Fprd2-tel-epg-img.2Es3-eu-west-1.2Eamazonaws.2Ecom.2Fchannel.2F9c09acf403944c8b.2Epng/80x80/quality/80/demain-tv.png,http://www.programme-tv.net,False
20210221,LCP 100%, https://tel.img.pmdstatic.net/fit/https.3A.2F.2Fprd2-tel-epg-img.2Es3-eu-west-1.2Eamazonaws.2Ecom.2Fchannel.2F7fca0dd41181ccdd.2Epng/80x80/quality/80/lcp-100.png,http://www.programme-tv.net,False
20210221,Acht, https://tel.img.pmdstatic.net/fit/https.3A.2F.2Fprd2-tel-epg-img.2Es3-eu-west-1.2Eamazonaws.2Ecom.2Fchannel.2Fec275becca86dafd.2Epng/80x80/quality/80/vtm-4.png,http://www.programme-tv.net,False
20210221,Ketnet, https://tel.img.pmdstatic.net/fit/https.3A.2F.2Fprd2-tel-epg-img.2Es3-eu-west-1.2Eamazonaws.2Ecom.2Fchannel.2F63e056c0680c8f63.2Epng/80x80/quality/80/ketnet.png,http://www.programme-tv.net,False
20210221,DISNEY JUNIOR,,http://www.canalplus.com,False
20210221,PIWI+,,http://www.canalplus.com,False
20210221,NICKELODEON JUNIOR,,http://www.canalplus.com,False
20210221,TIJI,,http://www.canalplus.com,False
20210221,BOOMERANG,,http://www.canalplus.com,False
20210221,CARTOON NETWORK,,http://www.canalplus.com,False
20210221,NICKELODEON,,http://www.canalplus.com,False
20210221,TELETOON+,,http://www.canalplus.com,False
20210221,DISNEY XD,,http://www.canalplus.com,True
20210221,CANAL J,,http://www.canalplus.com,False
20210221,BOING,,http://www.canalplus.com,False
20210221,TOONAMI,,http://www.canalplus.com,False
20210221,NICKELODEON TEEN,,http://www.canalplus.com,False
20210221,DISNEY CHANNEL,,http://www.canalplus.com,False
20210221,GULLI,,http://www.canalplus.com,False
20210221,MTV HITS,,http://www.canalplus.com,False
20210221,COMEDIE+,,http://www.canalplus.com,False
20210221,POLAR+,,http://www.canalplus.com,False
20210221,WARNER TV,,http://www.canalplus.com,False
20210221,SERIE CLUB,,http://www.canalplus.com,False
20210221,ELLE GIRL,,http://www.canalsat.fr,True
20210221,NON STOP PEOPLE,,http://www.canalplus.com,False
20210221,NOVELAS TV,,http://www.canalplus.com,False
20210221,J-ONE,,http://www.canalplus.com,False
20210221,AB1,,http://www.canalplus.com,False
20210221,TV BREIZH,,http://www.canalplus.com,False
20210221,TEVA,,http://www.canalplus.com,False
20210221,PARIS PREMIERE,,http://www.canalplus.com,False
20210221,RTL9,,http://www.canalplus.com,False
20210221,BET,,http://www.canalplus.com,False
20210221,C8,,http://www.canalplus.com,False
20210221,W9,,http://www.canalplus.com,False
20210221,TMC,,http://www.canalplus.com,False
20210221,TFX,,http://www.canalplus.com,False
20210221,NRJ 12,,http://www.canalplus.com,False
20210221,FRANCE 4,,http://www.canalplus.com,False
20210221,CSTAR,,http://www.canalplus.com,False
20210221,MBC 3,https://media.elcinema.com/tvguide/1241_1.png,http://www.elcinema.com,False
20210221,MBC,https://media.elcinema.com/tvguide/1127_1.png,http://www.elcinema.com,False
20210221,MBC MAX,https://media.elcinema.com/tvguide/1132_1.png,http://www.elcinema.com,False
20210221,MBC Action,https://media.elcinema.com/tvguide/1130_1.png,http://www.elcinema.com,False
20210221,MBC 2,https://media.elcinema.com/tvguide/1128_1.png,http://www.elcinema.com,False
20210221,MBC 4,https://media.elcinema.com/tvguide/1129_1.png,http://www.elcinema.com,False
20210221,MBC Bollywood,https://media.elcinema.com/tvguide/1259_1.png,http://www.elcinema.com,False
20210221,MBC Drama +,https://media.elcinema.com/tvguide/1131_1.png,http://www.elcinema.com,False
20210221,MBC MASR 2,https://media.elcinema.com/tvguide/1278_1.png,http://www.elcinema.com,False
20210221,MBC Drama,https://media.elcinema.com/tvguide/1194_1.png,http://www.elcinema.com,False
20210221,MBC Egypt,https://media.elcinema.com/tvguide/1239_1.png,http://www.elcinema.com,False
20210221,MBC Iraq,https://media.elcinema.com/tvguide/1340_1.png,http://www.elcinema.com,False
20210221,Saudiya TV,https://media.elcinema.com/tvguide/1352_1.png,http://www.elcinema.com,False
20210221,Emirates,https://media.elcinema.com/tvguide/1135_1.png,http://www.elcinema.com,False
20210221,Hawass,https://media.elcinema.com/tvguide/1265_1.png,http://www.elcinema.com,True
20210221,Dubai TV,https://media.elcinema.com/tvguide/1169_1.png,http://www.elcinema.com,False
20210221,Dubai One,https://media.elcinema.com/tvguide/1173_1.png,http://www.elcinema.com,False
20210221,Future TV,https://media.elcinema.com/tvguide/1171_1.png,http://www.elcinema.com,True
20210221,LBC Europe,https://media.elcinema.com/tvguide/1225_1.png,http://www.elcinema.com,True
20210221,Alsumaria,https://media.elcinema.com/tvguide/1301_1.png,http://www.elcinema.com,False
20210221,LBCI,https://media.elcinema.com/tvguide/1168_1.png,http://www.elcinema.com,False
20210221,CBC sofra,https://media.elcinema.com/tvguide/1260_1.png,http://www.elcinema.com,False
20210221,Cima,https://media.elcinema.com/tvguide/1176_1.png,http://www.elcinema.com,False
20210221,ART Cinema,https://media.elcinema.com/tvguide/1195_1.png,http://www.elcinema.com,True
20210221,ART Aflam 1,https://media.elcinema.com/tvguide/1120_1.png,http://www.elcinema.com,True
20210221,ART Aflam 2,https://media.elcinema.com/tvguide/1121_1.png,http://www.elcinema.com,True
20210221,Rotana Drama,https://media.elcinema.com/tvguide/1147_1.png,http://www.elcinema.com,False
20210221,Rotana Khalijiah,https://media.elcinema.com/tvguide/1149_1.png,http://www.elcinema.com,False
20210221,Al Saeedah,https://media.elcinema.com/tvguide/1339_1.png,http://www.elcinema.com,False
20210221,Al Nahar Drama,https://media.elcinema.com/tvguide/1223_1.png,http://www.elcinema.com,False
20210221,Abu Dhabi Drama,https://media.elcinema.com/tvguide/1178_1.png,http://www.elcinema.com,False
20210221,Alhayat Series,https://media.elcinema.com/tvguide/1138_1.png,http://www.elcinema.com,True
20210221,Watania 1,http://www.watania1.tn/sites/default/files/main_logo_watania1_0.png,http://www.watania.tn,True
20210221,Watania 2,http://www.watania2.tn/sites/default/files/main_logo_watania2_0.png,http://www.watania.tn,True
20210221,BS1,https://epg.beinsports.com/au_sports/BS1.svg,http://www.bein.net,True
20210221,BS2,https://epg.beinsports.com/au_sports/BS2.svg,http://www.bein.net,True
20210221,BS3,https://epg.beinsports.com/au_sports/BS3.svg,http://www.bein.net,True
20210221,SportsGlobalHD English,https://epg.beinsports.com/mena_sports/SportsGlobalHD.svg,http://www.bein.net,True
20210221,News_ar English,https://epg.beinsports.com/mena_sports/News_ar.svg?2018,http://www.bein.net,True
20210221,HD1 English,https://epg.beinsports.com/mena_sports/HD1.svg?2017,http://www.bein.net,True
20210221,HD2 English,https://epg.beinsports.com/mena_sports/HD2.svg?2017,http://www.bein.net,True
20210221,HD3 English,https://epg.beinsports.com/mena_sports/HD3.svg?2017,http://www.bein.net,True
20210221,HD4 English,https://epg.beinsports.com/mena_sports/HD4.svg?2017,http://www.bein.net,True
20210221,HD5 English,https://epg.beinsports.com/mena_sports/HD5.svg?2017,http://www.bein.net,True
20210221,HD6 English,https://epg.beinsports.com/mena_sports/HD6.svg?2017,http://www.bein.net,True
20210221,HD7 English,https://epg.beinsports.com/mena_sports/HD7.svg?2017,http://www.bein.net,True
20210221,HD8 English,https://epg.beinsports.com/mena_sports/HD8.svg?2017,http://www.bein.net,True
20210221,HD9 English,https://epg.beinsports.com/mena_sports/HD9.svg?2017,http://www.bein.net,True
20210221,HD10 English,https://epg.beinsports.com/mena_sports/HD10.svg?2018,http://www.bein.net,True
20210221,SportsHD11 English,https://epg.beinsports.com/mena_sports/SportsHD11.svg,http://www.bein.net,True
20210221,SportsHD12 English,https://epg.beinsports.com/mena_sports/SportsHD12.svg,http://www.bein.net,True
20210221,SportsHD13 English,https://epg.beinsports.com/mena_sports/SportsHD13.svg,http://www.bein.net,True
20210221,SportsHD14 English,https://epg.beinsports.com/mena_sports/SportsHD14.svg,http://www.bein.net,True
20210221,SportsHD15 English,https://epg.beinsports.com/mena_sports/SportsHD15.svg,http://www.bein.net,True
20210221,SportsHD16 English,https://epg.beinsports.com/mena_sports/SportsHD16.svg,http://www.bein.net,True
20210221,SportsHD17 English,,http://www.bein.net,True
20210221,4K English,https://epg.beinsports.com/mena_sports/4K.svg,http://www.bein.net,True
20210221,BS NBA English,https://epg.beinsports.com/mena_sports/BS NBA.svg,http://www.bein.net,True
20210221,MoviesHD1 English,https://epg.beinsports.com/mena_entertaintment/MoviesHD1.svg?2018,http://www.bein.net,True
20210221,MoviesHD2 English,https://epg.beinsports.com/mena_entertaintment/MoviesHD2.svg?2018,http://www.bein.net,True
20210221,MoviesHD3 English,https://epg.beinsports.com/mena_entertaintment/MoviesHD3.svg?2018,http://www.bein.net,True
20210221,MoviesHD4 English,https://epg.beinsports.com/mena_entertaintment/MoviesHD4.svg?2018,http://www.bein.net,True
20210221,BoxOffice_HD1 English,https://epg.beinsports.com/mena_entertaintment/BoxOffice_HD1.svg?2020,http://www.bein.net,True
20210221,SeriesHD1 English,https://epg.beinsports.com/mena_entertaintment/SeriesHD1.svg?111,http://www.bein.net,True
20210221,SeriesHD2 English,https://epg.beinsports.com/mena_entertaintment/SeriesHD2.svg?123,http://www.bein.net,True
20210221,DramaHD1 English,https://epg.beinsports.com/mena_entertaintment/DramaHD1.svg?1232,http://www.bein.net,True
20210221,gourmet English,https://epg.beinsports.com/mena_entertaintment/gourmet.svg,http://www.bein.net,True
20210221,beJUNIOR English,https://epg.beinsports.com/mena_entertaintment/beJUNIOR.svg,http://www.bein.net,True
20210221,Jeem English,https://epg.beinsports.com/mena_entertaintment/Jeem.svg?20158888,http://www.bein.net,True
20210221,Baraem English,https://epg.beinsports.com/mena_entertaintment/Baraem.svg?2017,http://www.bein.net,True
20210221,CartoonNetworkHD,https://epg.beinsports.com/mena_entertaintment/CartoonNetworkHD.png,http://www.bein.net,True
20210221,CartoonNetworkAR,https://epg.beinsports.com/mena_entertaintment/CartoonNetworkAR.svg,http://www.bein.net,True
20210221,CartoonNetworkHindi,https://epg.beinsports.com/mena_entertaintment/CartoonNetworkHindi.svg,http://www.bein.net,True
20210221,Baby_TV English,https://epg.beinsports.com/mena_entertaintment/Baby_TV.svg?2017,http://www.bein.net,True
20210221,CBeebies English,https://epg.beinsports.com/mena_entertaintment/CBeebies.png,http://www.bein.net,True
20210221,DreamWorks English,https://epg.beinsports.com/mena_entertaintment/DreamWorks.svg?2017,http://www.bein.net,True
20210221,JimJam English,https://epg.beinsports.com/mena_entertaintment/JimJam.svg?2017,http://www.bein.net,True
20210221,beIN FOX Family Movies,https://epg.beinsports.com/mena_entertaintment/FOXFamilyMovies.svg?2017,http://www.bein.net,True
20210221,beIN FOX Action Movies,https://epg.beinsports.com/mena_entertaintment/FOXActionMovies.svg?2018,http://www.bein.net,True
20210221,beIN Star World HD,https://epg.beinsports.com/mena_entertaintment/Star_World_HD.svg?2017,http://www.bein.net,True
20210221,TCM English,https://epg.beinsports.com/mena_entertaintment/TCM.svg,http://www.bein.net,True
20210221,amc English,https://epg.beinsports.com/mena_entertaintment/amc.svg,http://www.bein.net,True
20210221,beIN StarMovies,https://epg.beinsports.com/mena_entertaintment/Star_Movies_HD.svg?2017,http://www.bein.net,True
20210221,FOXHD English,https://epg.beinsports.com/mena_entertaintment/FOXHD.svg,http://www.bein.net,True
20210221,OutdoorChannel English,https://epg.beinsports.com/mena_entertaintment/OutdoorChannel.svg?2017,http://www.bein.net,True
20210221,V_HD English,https://epg.beinsports.com/mena_entertaintment/V_HD.jpg,http://www.bein.net,True
20210221,TravelChannel English,https://epg.beinsports.com/mena_entertaintment/TravelChannel.svg,http://www.bein.net,True
20210221,Extreme English,https://epg.beinsports.com/mena_entertaintment/Extreme.svg?2017,http://www.bein.net,True
20210221,fatafeat English,https://epg.beinsports.com/mena_entertaintment/fatafeat.png,http://www.bein.net,True
20210221,FoodNetwork English,https://epg.beinsports.com/mena_entertaintment/FoodNetwork.png,http://www.bein.net,True
20210221,HGTV English,https://epg.beinsports.com/mena_entertaintment/HGTV.svg,http://www.bein.net,True
20210221,beIN CBS reality,https://epg.beinsports.com/mena_entertaintment/CBSreality.svg?2017,http://www.bein.net,True
20210221,FXHD English,https://epg.beinsports.com/mena_entertaintment/FXHD.svg?2018,http://www.bein.net,True
20210221,DMAX English,,http://www.bein.net,True
20210221,NatGeoWild_HD English,https://epg.beinsports.com/mena_entertaintment/NatGeoWild_HD.svg?2017,http://www.bein.net,True
20210221,NatGeoPeople_HD English,https://epg.beinsports.com/mena_entertaintment/NatGeoPeople_HD.svg?2017,http://www.bein.net,True
20210221,NatGeo_HD English,https://epg.beinsports.com/mena_entertaintment/NatGeo_HD.svg?2017,http://www.bein.net,True
20210221,BBCEarth English,https://epg.beinsports.com/mena_entertaintment/BBCEarth.png,http://www.bein.net,True
20210221,AnimalPlanetHD English,,http://www.bein.net,True
20210221,AljazeeraDocumentary English,https://epg.beinsports.com/mena_entertaintment/AljazeeraDocumentary.png?2017,http://www.bein.net,True
20210221,TRTWorld English,https://epg.beinsports.com/mena_entertaintment/TRTWorld.png?2017,http://www.bein.net,True
20210221,Euronews English,https://epg.beinsports.com/mena_entertaintment/Euronews.jpg?2017,http://www.bein.net,True
20210221,CNNHD English,https://epg.beinsports.com/mena_entertaintment/CNNHD.svg,http://www.bein.net,True
20210221,Bloomberg English,https://epg.beinsports.com/mena_entertaintment/Bloomberg.svg?2017,http://www.bein.net,True
20210221,HLN English,https://epg.beinsports.com/mena_entertaintment/HLN.svg,http://www.bein.net,True
20210221,DTX English,,http://www.bein.net,True
20210221,DLife English,,http://www.bein.net,True
20210221,FineLiving English,,http://www.bein.net,True
20210221,Al Wosta from Al Dhaid,http://content.osn.com/logo/channel/cropped/WAD.png,http://www.osn.com,False
20210221,Al Dafrah TV,http://content.osn.com/logo/channel/cropped/DAF.png,http://www.osn.com,False
20210221,Bahrain TV,http://content.osn.com/logo/channel/cropped/BAH.png,http://www.osn.com,False
20210221,Aghani Aghani,http://content.osn.com/logo/channel/cropped/AGH.png,http://www.osn.com,False
20210221,Al Roya TV,http://content.osn.com/logo/channel/cropped/ROY.png,http://www.osn.com,False
20210221,OSN Series First,http://content.osn.com/logo/channel/cropped/OFH.png,http://www.osn.com,False
20210221,OSN Binge,http://content.osn.com/logo/channel/cropped/OBG.png,http://www.osn.com,False
20210221,OSN Comedy,http://content.osn.com/logo/channel/cropped/OCO.png,http://www.osn.com,False
20210221,Comedy Central,http://content.osn.com/logo/channel/cropped/CCE.png,http://www.osn.com,True
20210221,Star World HD,http://content.osn.com/logo/channel/cropped/STW.png,http://www.osn.com,False
20210221,TLC HD,http://content.osn.com/logo/channel/cropped/TLC.png,http://www.osn.com,False
20210221,E! Entertainment HD,http://content.osn.com/logo/channel/cropped/ETV.png,http://www.osn.com,False
20210221,OSN Mezze,http://content.osn.com/logo/channel/cropped/OMZ.png,http://www.osn.com,False
20210221,OSN Living,http://content.osn.com/logo/channel/cropped/OLH.png,http://www.osn.com,False
20210221,CGTN,http://content.osn.com/logo/channel/cropped/CT9.png,http://www.osn.com,False
20210221,France 24 English,http://content.osn.com/logo/channel/cropped/FRE.png,http://www.osn.com,False
20210221,NHK World TV,http://content.osn.com/logo/channel/cropped/NHK.png,http://www.osn.com,False
20210221,Madani TV,http://content.osn.com/logo/channel/cropped/MDN.png,http://www.osn.com,False
20210221,Sky News Arabia HD,http://content.osn.com/logo/channel/cropped/SNH.png,http://www.osn.com,False
20210221,Sky News Arabia,http://content.osn.com/logo/channel/cropped/SNA.png,http://www.osn.com,False
20210221,AlMamlaka TV,,http://www.osn.com,True
20210221,Rusiya Al Yawm,,http://www.osn.com,True
20210221,AL Hurra HD,,http://www.osn.com,True
20210221,AL Hurra Iraq HD,,http://www.osn.com,True
20210221,BBC Arabic,,http://www.osn.com,True
20210221,France 24,,http://www.osn.com,True
20210221,CGTN Arabic,,http://www.osn.com,True
20210221,CNBC Arabia,,http://www.osn.com,True
20210221,Discovery HD,,http://www.osn.com,True
20210221,Discovery Science HD,,http://www.osn.com,True
20210221,Discovery ID,,http://www.osn.com,True
20210221,MTV Rocks,https://television.telerama.fr/sites/tr_master/files/styles/channel_logo_80x80/public/sheet_media/tv/150x150/192.png?itok=LK8LTHrB,http://www.telerama.fr,False
20210221,MTV Base,https://television.telerama.fr/sites/tr_master/files/styles/channel_logo_80x80/public/sheet_media/tv/150x150/192.png?itok=LK8LTHrB,http://www.telerama.fr,False
20210221,NRJ Hits,https://television.telerama.fr/sites/tr_master/files/styles/channel_logo_80x80/public/sheet_media/tv/150x150/192.png?itok=LK8LTHrB,http://www.telerama.fr,False
20210221,AB 3,https://television.telerama.fr/sites/tr_master/files/styles/channel_logo_80x80/public/sheet_media/tv/150x150/192.png?itok=LK8LTHrB,http://www.telerama.fr,False
20210221,E !,https://television.telerama.fr/sites/tr_master/files/styles/channel_logo_80x80/public/sheet_media/tv/150x150/192.png?itok=LK8LTHrB,http://www.telerama.fr,False
20210221,Chasse et pêche,https://television.telerama.fr/sites/tr_master/files/styles/channel_logo_80x80/public/sheet_media/tv/150x150/192.png?itok=LK8LTHrB,http://www.telerama.fr,False
20210221,Discovery Channel,https://television.telerama.fr/sites/tr_master/files/styles/channel_logo_80x80/public/sheet_media/tv/150x150/192.png?itok=LK8LTHrB,http://www.telerama.fr,False
20210221,Discovery Science,https://television.telerama.fr/sites/tr_master/files/styles/channel_logo_80x80/public/sheet_media/tv/150x150/192.png?itok=LK8LTHrB,http://www.telerama.fr,False
20210221,Science & Vie TV,https://television.telerama.fr/sites/tr_master/files/styles/channel_logo_80x80/public/sheet_media/tv/150x150/192.png?itok=LK8LTHrB,http://www.telerama.fr,False
20210221,Extreme Sports Channel,https://television.telerama.fr/sites/tr_master/files/styles/channel_logo_80x80/public/sheet_media/tv/150x150/192.png?itok=LK8LTHrB,http://www.telerama.fr,True
20210221,Motorsport TV,https://television.telerama.fr/sites/tr_master/files/styles/channel_logo_80x80/public/sheet_media/tv/150x150/192.png?itok=LK8LTHrB,http://www.telerama.fr,True
20210221,OMTV,https://television.telerama.fr/sites/tr_master/files/styles/channel_logo_80x80/public/sheet_media/tv/150x150/192.png?itok=LK8LTHrB,http://www.telerama.fr,True
20210221,Al Jazeera English,https://television.telerama.fr/sites/tr_master/files/styles/channel_logo_80x80/public/sheet_media/tv/150x150/192.png?itok=LK8LTHrB,http://www.telerama.fr,False
20210221,BBC World News,https://television.telerama.fr/sites/tr_master/files/styles/channel_logo_80x80/public/sheet_media/tv/150x150/192.png?itok=LK8LTHrB,http://www.telerama.fr,False
20210221,BE 1,https://television.telerama.fr/sites/tr_master/files/styles/channel_logo_80x80/public/sheet_media/tv/150x150/192.png?itok=LK8LTHrB,http://www.telerama.fr,False
20210221,Be Ciné,https://television.telerama.fr/sites/tr_master/files/styles/channel_logo_80x80/public/sheet_media/tv/150x150/192.png?itok=LK8LTHrB,http://www.telerama.fr,False
20210221,Be Séries,https://television.telerama.fr/sites/tr_master/files/styles/channel_logo_80x80/public/sheet_media/tv/150x150/192.png?itok=LK8LTHrB,http://www.telerama.fr,False
20210221,La Deux,https://television.telerama.fr/sites/tr_master/files/styles/channel_logo_80x80/public/sheet_media/tv/150x150/192.png?itok=LK8LTHrB,http://www.telerama.fr,False
20210221,La Trois,https://television.telerama.fr/sites/tr_master/files/styles/channel_logo_80x80/public/sheet_media/tv/150x150/192.png?itok=LK8LTHrB,http://www.telerama.fr,False
20210221,La Une,https://television.telerama.fr/sites/tr_master/files/styles/channel_logo_80x80/public/sheet_media/tv/150x150/192.png?itok=LK8LTHrB,http://www.telerama.fr,False
20210221,VOOsport World 1,https://television.telerama.fr/sites/tr_master/files/styles/channel_logo_80x80/public/sheet_media/tv/150x150/192.png?itok=LK8LTHrB,http://www.telerama.fr,False
20210221,VOOsport World 2,https://television.telerama.fr/sites/tr_master/files/styles/channel_logo_80x80/public/sheet_media/tv/150x150/192.png?itok=LK8LTHrB,http://www.telerama.fr,False
20210221,Real Madrid TV,https://television.telerama.fr/sites/tr_master/files/styles/channel_logo_80x80/public/sheet_media/tv/150x150/192.png?itok=LK8LTHrB,http://www.telerama.fr,False
20210221,Fashion TV HD,http://content.osn.com/logo/channel/cropped/FTH.png,http://www.osn.com,True
20210221,B4U Aflam,http://content.osn.com/logo/channel/cropped/B4A.png,http://www.osn.com,False
20210221,MTV Live HD,http://content.osn.com/logo/channel/cropped/MTL.png,http://www.osn.com,False
20210221,VH1,http://content.osn.com/logo/channel/cropped/VH1.png,http://www.osn.com,False
20210221,Disney HD,http://content.osn.com/logo/channel/cropped/DIS.png,http://www.osn.com,False
20210221,Disney XD,http://content.osn.com/logo/channel/cropped/DXD.png,http://www.osn.com,True
20210221,Disney Junior,http://content.osn.com/logo/channel/cropped/DJR.png,http://www.osn.com,False
20210221,Nickelodeon HD,http://content.osn.com/logo/channel/cropped/NIC.png,http://www.osn.com,False
20210221,Nick Jr,http://content.osn.com/logo/channel/cropped/NJR.png,http://www.osn.com,False
20210221,OSN Kid Zone TV,http://content.osn.com/logo/channel/cropped/KDZ.png,http://www.osn.com,False
20210221,NickToons HD,http://content.osn.com/logo/channel/cropped/NKT.png,http://www.osn.com,False
20210221,Baby TV Europe,http://content.osn.com/logo/channel/cropped/BAB.png,http://www.osn.com,False
20210221,OSN News,http://content.osn.com/logo/channel/cropped/ONS.png,http://www.osn.com,True
20210221,Sky News HD,http://content.osn.com/logo/channel/cropped/SKH.png,http://www.osn.com,False
20210221,BBC World,http://content.osn.com/logo/channel/cropped/BBW.png,http://www.osn.com,False
20210221,CNBC,http://content.osn.com/logo/channel/cropped/CNB.png,http://www.osn.com,False
20210221,Bloomberg,http://content.osn.com/logo/channel/cropped/BTV.png,http://www.osn.com,False
20210221,almanar,https://media.elcinema.com/tvguide/1321_1.png,http://www.elcinema.com,False
20210221,Sada El Balad,https://media.elcinema.com/tvguide/1226_1.png,http://www.elcinema.com,False
20210221,ON E,https://media.elcinema.com/tvguide/1203_1.png,http://www.elcinema.com,False
20210221,Amman,https://media.elcinema.com/tvguide/1298_1.png,http://www.elcinema.com,False
20210221,MTV,https://media.elcinema.com/tvguide/1296_1.png,http://www.elcinema.com,False
20210221,Al Nahar TV,https://media.elcinema.com/tvguide/1193_1.png,http://www.elcinema.com,False
20210221,Al Jadeed TV,https://media.elcinema.com/tvguide/1216_1.png,http://www.elcinema.com,False
20210221,Al Kahera Wal Nas TV,https://media.elcinema.com/tvguide/1174_1.png,http://www.elcinema.com,False
20210221,Al sharqya,https://media.elcinema.com/tvguide/1269_1.png,http://www.elcinema.com,False
20210221,Zee alwan,https://media.elcinema.com/tvguide/1261_1.png,http://www.elcinema.com,False
20210221,Fujairah,https://media.elcinema.com/tvguide/1302_1.png,http://www.elcinema.com,True
20210221,Roya,https://media.elcinema.com/tvguide/1299_1.png,http://www.elcinema.com,False
20210221,Mehwar,https://media.elcinema.com/tvguide/1145_1.png,http://www.elcinema.com,False
20210221,Alhayat TV,https://media.elcinema.com/tvguide/1137_1.png,http://www.elcinema.com,False
20210221,Sharjah TV,https://media.elcinema.com/tvguide/1188_1.png,http://www.elcinema.com,True
20210221,Lana,https://media.elcinema.com/tvguide/1313_1.png,http://www.elcinema.com,False
20210221,Sada El Balad Drama,https://media.elcinema.com/tvguide/1227_1.png,http://www.elcinema.com,False
20210221,ON Drama,https://media.elcinema.com/tvguide/1134_1.png,http://www.elcinema.com,False
20210221,iFILM TV,https://media.elcinema.com/tvguide/1204_1.png,http://www.elcinema.com,False
20210221,DMC DRAMA,https://media.elcinema.com/tvguide/1292_1.png,http://www.elcinema.com,False
20210221,Alhayat Series,https://media.elcinema.com/tvguide/1138_1.png,http://www.elcinema.com,True
20210221,TeN TV,https://media.elcinema.com/tvguide/1280_1.png,http://www.elcinema.com,False
20210221,Fan,https://media.elcinema.com/tvguide/1233_1.png,http://www.elcinema.com,False
20210221,Oman,https://media.elcinema.com/tvguide/1317_1.png,http://www.elcinema.com,True
20210221,Al Aoula Morocco,https://media.elcinema.com/tvguide/1312_1.png,http://www.elcinema.com,False
20210221,Aflam TV 7 Maroc,https://media.elcinema.com/tvguide/1207_1.png,http://www.elcinema.com,True
20210221,CBC Drama,https://media.elcinema.com/tvguide/1199_1.png,http://www.elcinema.com,False
20210221,Nile Drama,https://media.elcinema.com/tvguide/1156_1.png,http://www.elcinema.com,False
20210221,Series,https://media.elcinema.com/tvguide/1161_1.png,http://www.elcinema.com,False
20210221,SBC,https://media.elcinema.com/tvguide/1297_1.png,http://www.elcinema.com,False
20210221,Thikrayat Tv,https://media.elcinema.com/tvguide/1366_1.png,http://www.elcinema.com,False
20210221,CHERIE 25,,http://www.canalplus.com,False
20210221,VICELAND,,http://www.canalplus.com,False
20210221,MTV,,http://www.canalplus.com,False
20210221,MCM,,http://www.canalplus.com,False
20210221,GAME ONE,,http://www.canalplus.com,False
20210221,MANGAS,,http://www.canalplus.com,False
20210221,CSTAR HITS FRANCE,,http://www.canalplus.com,False
20210221,M6 MUSIC,,http://www.canalplus.com,False
20210221,NRJ HITS,,http://www.canalplus.com,False
20210221,TRACE URBAN,,http://www.canalplus.com,False
20210221,MCM TOP,,http://www.canalsat.fr,True
20210221,RFM TV,,http://www.canalplus.com,False
20210221,MELODY,,http://www.canalplus.com,False
20210221,MEZZO,,http://www.canalplus.com,False
20210221,MEZZO LIVE,,http://www.canalplus.com,False
20210221,BRAVA,,http://www.canalplus.com,False
20210221,DJAZZ,,http://www.canalplus.com,False
20210221,TRACE AFRICA,,http://www.canalsat.fr,True
20210221,FRANCE O,,http://www.canalplus.com,True
20210221,6TER,,http://www.canalplus.com,False
20210221,NUMERO 23,,http://www.canalplus.com,False
20210221,TV5 MONDE,,http://www.canalplus.com,False
20210221,QVC,,http://www.canalsat.fr,True
20210221,ASTROCENTER TV,,http://www.canalplus.com,False
20210221,MUSEUM,,http://www.canalplus.com,False
20210221,LA CHAINE METEO,,http://www.canalplus.com,False
20210221,MY ZEN TV,,http://www.canalplus.com,True
20210221,RMC DECOUVERTE,,http://www.canalplus.com,False
20210221,M6 BOUTIQUE,,http://www.canalplus.com,True
20210221,PLANETE+,,http://www.canalplus.com,False
20210221,PLANETE+ CI,,http://www.canalplus.com,False
20210221,PLANETE+ A&E,,http://www.canalplus.com,False
20210221,NATIONAL GEO,,http://www.canalplus.com,False
20210221,NAT GEO WILD,,http://www.canalplus.com,False
20210221,VOYAGE,,http://www.canalplus.com,True
20210221,USHUAIA TV,,http://www.canalplus.com,False
20210221,HISTOIRE,,http://www.canalplus.com,False
20210221,SCIENCE ET VIE TV,,http://www.canalplus.com,False
20210221,ANIMAUX,,http://www.canalplus.com,False
20210221,TREK,,http://www.canalplus.com,True
20210221,SEASONS,,http://www.canalplus.com,False
20210221,CHASSE ET PECHE,,http://www.canalplus.com,False
20210221,CNEWS,,http://www.canalplus.com,False
20210221,BFM TV,,http://www.canalplus.com,False
20210221,LCI,,http://www.canalplus.com,False
20210221,FRANCEINFO:,,http://www.canalplus.com,False
20210221,FRANCE 24,,http://www.canalplus.com,False
20210221,LCP,,http://www.canalplus.com,False
20210221,BFM BUSINESS,,http://www.canalplus.com,False
20210221,CNN INT.,,http://www.canalplus.com,False
20210221,BBC WORLD NEWS,,http://www.canalplus.com,False
20210221,EURONEWS,,http://www.canalplus.com,False
20210221,INFOSPORT+,,http://www.canalplus.com,False
20210221,EUROSPORT 1,,http://www.canalplus.com,False
20210221,EUROSPORT 2,,http://www.canalplus.com,False
20210221,OL TV,,http://www.canalplus.com,True
20210221,ONZEO,,http://www.canalsat.fr,True
20210221,GIRONDINS TV,,http://www.canalsat.fr,True
20210221,AB MOTEURS,,http://www.canalplus.com,False
20210221,EQUIDIA,,http://www.canalplus.com,False
20210221,BEIN SPORTS 1,,http://www.canalplus.com,False
20210221,BEIN SPORTS 2,,http://www.canalplus.com,False
20210221,BEIN SPORTS 3,,http://www.canalplus.com,False
20210221,GOLF+,,http://www.canalplus.com,False
20210221,EXTREME SPORTS,,http://www.canalplus.com,True
20210221,L'EQUIPE,,http://www.canalplus.com,False
20210221,RMC SPORT 1,,http://www.canalplus.com,False
20210221,RMC SPORT 2,,http://www.canalplus.com,False
20210221,RMC SPORT 3,,http://www.canalplus.com,False
20210221,RMC SPORT 4,,http://www.canalplus.com,False
20210221,RMC SPORT NEWS,,http://www.canalplus.com,True
20210221,FOOT+ 24/24,,http://www.canalplus.com,False
20210221,BEIN SPORTS MAX 4,,http://www.canalplus.com,False
20210221,BEIN SPORTS MAX 5,,http://www.canalplus.com,False
20210221,BEIN SPORTS MAX 6,,http://www.canalplus.com,False
20210221,BEIN SPORTS MAX 7,,http://www.canalplus.com,False
20210221,BEIN SPORTS MAX 8,,http://www.canalplus.com,False
20210221,BEIN SPORTS MAX 9,,http://www.canalplus.com,False
20210221,BEIN SPORTS MAX 10,,http://www.canalplus.com,False
20210221,TF1, https://tel.img.pmdstatic.net/fit/https.3A.2F.2Fprd2-tel-epg-img.2Es3-eu-west-1.2Eamazonaws.2Ecom.2Fchannel.2F3efb536705d5f6ae.2Epng/80x80/quality/80/tf1.png,http://www.programme-tv.net,False
20210221,France 2, https://tel.img.pmdstatic.net/fit/https.3A.2F.2Fprd2-tel-epg-img.2Es3-eu-west-1.2Eamazonaws.2Ecom.2Fchannel.2Ff8d706fb87d754d7.2Epng/80x80/quality/80/france-2.png,http://www.programme-tv.net,False
20210221,France 3, https://tel.img.pmdstatic.net/fit/https.3A.2F.2Fprd2-tel-epg-img.2Es3-eu-west-1.2Eamazonaws.2Ecom.2Fchannel.2F3c2179ea0278ccbd.2Epng/80x80/quality/80/france-3.png,http://www.programme-tv.net,False
20210221,Canal+, https://tel.img.pmdstatic.net/fit/https.3A.2F.2Fprd2-tel-epg-img.2Es3-eu-west-1.2Eamazonaws.2Ecom.2Fchannel.2Fb0c0c51d27e6d775.2Epng/80x80/quality/80/canalplus.png,http://www.programme-tv.net,False
20210221,France 5, https://tel.img.pmdstatic.net/fit/https.3A.2F.2Fprd2-tel-epg-img.2Es3-eu-west-1.2Eamazonaws.2Ecom.2Fchannel.2Faf12e1ce6986fe5c.2Epng/80x80/quality/80/france-5.png,http://www.programme-tv.net,False
20210221,M6, https://tel.img.pmdstatic.net/fit/https.3A.2F.2Fprd2-tel-epg-img.2Es3-eu-west-1.2Eamazonaws.2Ecom.2Fchannel.2F49017576b41883ab.2Epng/80x80/quality/80/m6.png,http://www.programme-tv.net,False
20210221,Arte, https://tel.img.pmdstatic.net/fit/https.3A.2F.2Fprd2-tel-epg-img.2Es3-eu-west-1.2Eamazonaws.2Ecom.2Fchannel.2F18478e28976454fd.2Epng/80x80/quality/80/arte.png,http://www.programme-tv.net,False
20210221,C8, https://tel.img.pmdstatic.net/fit/https.3A.2F.2Fprd2-tel-epg-img.2Es3-eu-west-1.2Eamazonaws.2Ecom.2Fchannel.2F281db64e909102f5.2Epng/80x80/quality/80/c8.png,http://www.programme-tv.net,False
20210221,W9, https://tel.img.pmdstatic.net/fit/https.3A.2F.2Fprd2-tel-epg-img.2Es3-eu-west-1.2Eamazonaws.2Ecom.2Fchannel.2F45304d9002f9597b.2Epng/80x80/quality/80/w9.png,http://www.programme-tv.net,False
20210221,TMC, https://tel.img.pmdstatic.net/fit/https.3A.2F.2Fprd2-tel-epg-img.2Es3-eu-west-1.2Eamazonaws.2Ecom.2Fchannel.2F183768217f630352.2Epng/80x80/quality/80/tmc.png,http://www.programme-tv.net,False
20210221,TFX, https://tel.img.pmdstatic.net/fit/https.3A.2F.2Fprd2-tel-epg-img.2Es3-eu-west-1.2Eamazonaws.2Ecom.2Fchannel.2F65fb409e9fed8136.2Epng/80x80/quality/80/tfx.png,http://www.programme-tv.net,False
20210221,NRJ 12, https://tel.img.pmdstatic.net/fit/https.3A.2F.2Fprd2-tel-epg-img.2Es3-eu-west-1.2Eamazonaws.2Ecom.2Fchannel.2Fc3429738ac9adc87.2Epng/80x80/quality/80/nrj-12.png,http://www.programme-tv.net,False
20210221,La Chaîne parlementaire, https://tel.img.pmdstatic.net/fit/https.3A.2F.2Fprd2-tel-epg-img.2Es3-eu-west-1.2Eamazonaws.2Ecom.2Fchannel.2Fc5a00219b61629a7.2Epng/80x80/quality/80/la-chaine-parlementaire.png,http://www.programme-tv.net,False
20210221,France 4, https://tel.img.pmdstatic.net/fit/https.3A.2F.2Fprd2-tel-epg-img.2Es3-eu-west-1.2Eamazonaws.2Ecom.2Fchannel.2F488cba3e1cef1be4.2Epng/80x80/quality/80/france-4.png,http://www.programme-tv.net,False
20210221,BFMTV, https://tel.img.pmdstatic.net/fit/https.3A.2F.2Fprd2-tel-epg-img.2Es3-eu-west-1.2Eamazonaws.2Ecom.2Fchannel.2F4c2cbb5f3d06de92.2Epng/80x80/quality/80/bfmtv.png,http://www.programme-tv.net,False
20210221,CNEWS, https://tel.img.pmdstatic.net/fit/https.3A.2F.2Fprd2-tel-epg-img.2Es3-eu-west-1.2Eamazonaws.2Ecom.2Fchannel.2Ffbaa4b8b2e2208b3.2Epng/80x80/quality/80/cnews.png,http://www.programme-tv.net,False
20210221,CSTAR, https://tel.img.pmdstatic.net/fit/https.3A.2F.2Fprd2-tel-epg-img.2Es3-eu-west-1.2Eamazonaws.2Ecom.2Fchannel.2Fd6fd740ea5fed0a1.2Epng/80x80/quality/80/cstar.png,http://www.programme-tv.net,False
20210221,Gulli, https://tel.img.pmdstatic.net/fit/https.3A.2F.2Fprd2-tel-epg-img.2Es3-eu-west-1.2Eamazonaws.2Ecom.2Fchannel.2Fef660dc09c117f2d.2Epng/80x80/quality/80/gulli.png,http://www.programme-tv.net,False
20210221,France Ô,https://tel.img.pmdstatic.net/fit/https.3A.2F.2Fprd2-tel-epg-img.2Es3-eu-west-1.2Eamazonaws.2Ecom.2Fchannel.2F7228d555798e4a9c.2Epng/30x30/quality/80/france-o.png,http://www.m.programme-tv.net,True
20210221,TF1 Séries Films, https://tel.img.pmdstatic.net/fit/https.3A.2F.2Fprd2-tel-epg-img.2Es3-eu-west-1.2Eamazonaws.2Ecom.2Fchannel.2F46f3e379846cd4c3.2Epng/80x80/quality/80/tf1-series-films.png,http://www.programme-tv.net,False
20210221,L'Equipe,,http://www.programme-tv.net,True
20210221,6ter, https://tel.img.pmdstatic.net/fit/https.3A.2F.2Fprd2-tel-epg-img.2Es3-eu-west-1.2Eamazonaws.2Ecom.2Fchannel.2Fc725b764ba46a6be.2Epng/80x80/quality/80/6ter.png,http://www.programme-tv.net,False
20210221,RMC Story, https://tel.img.pmdstatic.net/fit/https.3A.2F.2Fprd2-tel-epg-img.2Es3-eu-west-1.2Eamazonaws.2Ecom.2Fchannel.2Fc03f335ed4a617cf.2Epng/80x80/quality/80/rmc-story.png,http://www.programme-tv.net,False
20210221,RMC Découverte, https://tel.img.pmdstatic.net/fit/https.3A.2F.2Fprd2-tel-epg-img.2Es3-eu-west-1.2Eamazonaws.2Ecom.2Fchannel.2Fc0a70d5252d92e35.2Epng/80x80/quality/80/rmc-decouverte.png,http://www.programme-tv.net,False
20210221,Chérie 25, https://tel.img.pmdstatic.net/fit/https.3A.2F.2Fprd2-tel-epg-img.2Es3-eu-west-1.2Eamazonaws.2Ecom.2Fchannel.2F9d4114da7a09a67c.2Epng/80x80/quality/80/cherie-25.png,http://www.programme-tv.net,False
20210221,LCI - La Chaîne Info, https://tel.img.pmdstatic.net/fit/https.3A.2F.2Fprd2-tel-epg-img.2Es3-eu-west-1.2Eamazonaws.2Ecom.2Fchannel.2Fb7057425ea4f3588.2Epng/80x80/quality/80/lci-la-chaine-info.png,http://www.programme-tv.net,False
20210221,Franceinfo, https://tel.img.pmdstatic.net/fit/https.3A.2F.2Fprd2-tel-epg-img.2Es3-eu-west-1.2Eamazonaws.2Ecom.2Fchannel.2Fabd3aebf3492c987.2Epng/80x80/quality/80/franceinfo.png,http://www.programme-tv.net,False
20210221,Paris Première, https://tel.img.pmdstatic.net/fit/https.3A.2F.2Fprd2-tel-epg-img.2Es3-eu-west-1.2Eamazonaws.2Ecom.2Fchannel.2F287cb709d2aadbfa.2Epng/80x80/quality/80/paris-premiere.png,http://www.programme-tv.net,False
20210221,Canal+ Sport, https://tel.img.pmdstatic.net/fit/https.3A.2F.2Fprd2-tel-epg-img.2Es3-eu-west-1.2Eamazonaws.2Ecom.2Fchannel.2F9de0bc1edfee1d17.2Epng/80x80/quality/80/canalplus-sport.png,http://www.programme-tv.net,False
20210221,Canal+ Cinéma, https://tel.img.pmdstatic.net/fit/https.3A.2F.2Fprd2-tel-epg-img.2Es3-eu-west-1.2Eamazonaws.2Ecom.2Fchannel.2F5abb36091f96c498.2Epng/80x80/quality/80/canalplus-cinema.png,http://www.programme-tv.net,False
20210221,Planète+, https://tel.img.pmdstatic.net/fit/https.3A.2F.2Fprd2-tel-epg-img.2Es3-eu-west-1.2Eamazonaws.2Ecom.2Fchannel.2F9455c92a2b44a111.2Epng/80x80/quality/80/planeteplus.png,http://www.programme-tv.net,False
20210221,Canal+ Séries, https://tel.img.pmdstatic.net/fit/https.3A.2F.2Fprd2-tel-epg-img.2Es3-eu-west-1.2Eamazonaws.2Ecom.2Fchannel.2F5e708cf5c8d6a14b.2Epng/80x80/quality/80/canalplus-series.png,http://www.programme-tv.net,False
20210221,Canal+ Family, https://tel.img.pmdstatic.net/fit/https.3A.2F.2Fprd2-tel-epg-img.2Es3-eu-west-1.2Eamazonaws.2Ecom.2Fchannel.2F51658864e65a3fe8.2Epng/80x80/quality/80/canalplus-family.png,http://www.programme-tv.net,False
20210221,Canal+ Décalé, https://tel.img.pmdstatic.net/fit/https.3A.2F.2Fprd2-tel-epg-img.2Es3-eu-west-1.2Eamazonaws.2Ecom.2Fchannel.2F15b10c075329fc07.2Epng/80x80/quality/80/canalplus-decale.png,http://www.programme-tv.net,False
20210221,Ciné+ Premier, https://tel.img.pmdstatic.net/fit/https.3A.2F.2Fprd2-tel-epg-img.2Es3-eu-west-1.2Eamazonaws.2Ecom.2Fchannel.2Fd8a3318e23ffeb8b.2Epng/80x80/quality/80/cineplus-premier.png,http://www.programme-tv.net,False
20210221,Ciné+ Frisson, https://tel.img.pmdstatic.net/fit/https.3A.2F.2Fprd2-tel-epg-img.2Es3-eu-west-1.2Eamazonaws.2Ecom.2Fchannel.2F570227bb14b0191d.2Epng/80x80/quality/80/cineplus-frisson.png,http://www.programme-tv.net,False
20210221,Ciné+ Emotion, https://tel.img.pmdstatic.net/fit/https.3A.2F.2Fprd2-tel-epg-img.2Es3-eu-west-1.2Eamazonaws.2Ecom.2Fchannel.2F9a35faead03a74fe.2Epng/80x80/quality/80/cineplus-emotion.png,http://www.programme-tv.net,False
20210221,Ciné+ Famiz, https://tel.img.pmdstatic.net/fit/https.3A.2F.2Fprd2-tel-epg-img.2Es3-eu-west-1.2Eamazonaws.2Ecom.2Fchannel.2F4b77c1cbc90457d3.2Epng/80x80/quality/80/cineplus-famiz.png,http://www.programme-tv.net,False
20210221,Ciné+ Club, https://tel.img.pmdstatic.net/fit/https.3A.2F.2Fprd2-tel-epg-img.2Es3-eu-west-1.2Eamazonaws.2Ecom.2Fchannel.2F39127e637b1861c5.2Epng/80x80/quality/80/cineplus-club.png,http://www.programme-tv.net,False
20210221,Ciné+ Classic, https://tel.img.pmdstatic.net/fit/https.3A.2F.2Fprd2-tel-epg-img.2Es3-eu-west-1.2Eamazonaws.2Ecom.2Fchannel.2Fd3839b5268e52c9c.2Epng/80x80/quality/80/cineplus-classic.png,http://www.programme-tv.net,False
20210221,OCS Max, https://tel.img.pmdstatic.net/fit/https.3A.2F.2Fprd2-tel-epg-img.2Es3-eu-west-1.2Eamazonaws.2Ecom.2Fchannel.2Feb24a2eeb8365e38.2Epng/80x80/quality/80/ocs-max.png,http://www.programme-tv.net,False
20210221,OCS City, https://tel.img.pmdstatic.net/fit/https.3A.2F.2Fprd2-tel-epg-img.2Es3-eu-west-1.2Eamazonaws.2Ecom.2Fchannel.2Fc94d913eb9670b5f.2Epng/80x80/quality/80/ocs-city.png,http://www.programme-tv.net,False
20210221,OCS Choc, https://tel.img.pmdstatic.net/fit/https.3A.2F.2Fprd2-tel-epg-img.2Es3-eu-west-1.2Eamazonaws.2Ecom.2Fchannel.2Ff552540602aabeec.2Epng/80x80/quality/80/ocs-choc.png,http://www.programme-tv.net,False
20210221,OCS Géants, https://tel.img.pmdstatic.net/fit/https.3A.2F.2Fprd2-tel-epg-img.2Es3-eu-west-1.2Eamazonaws.2Ecom.2Fchannel.2F875bfc2e935736d1.2Epng/80x80/quality/80/ocs-geants.png,http://www.programme-tv.net,False
20210221,Disney Cinema,,http://www.m.programme-tv.net,True
20210221,TCM Cinéma, https://tel.img.pmdstatic.net/fit/https.3A.2F.2Fprd2-tel-epg-img.2Es3-eu-west-1.2Eamazonaws.2Ecom.2Fchannel.2F14da18c0fb084797.2Epng/80x80/quality/80/tcm-cinema.png,http://www.programme-tv.net,False
20210221,Paramount Channel, https://tel.img.pmdstatic.net/fit/https.3A.2F.2Fprd2-tel-epg-img.2Es3-eu-west-1.2Eamazonaws.2Ecom.2Fchannel.2F316d904a1dd84060.2Epng/80x80/quality/80/paramount-channel.png,http://www.programme-tv.net,False
20210221,Action, https://tel.img.pmdstatic.net/fit/https.3A.2F.2Fprd2-tel-epg-img.2Es3-eu-west-1.2Eamazonaws.2Ecom.2Fchannel.2Ffb0780e7e12868f2.2Epng/80x80/quality/80/action.png,http://www.programme-tv.net,False
20210221,Sundance TV,,http://www.m.programme-tv.net,True
20210221,Comédie+, https://tel.img.pmdstatic.net/fit/https.3A.2F.2Fprd2-tel-epg-img.2Es3-eu-west-1.2Eamazonaws.2Ecom.2Fchannel.2Fd30e1122007fd2c0.2Epng/80x80/quality/80/comedieplus.png,http://www.programme-tv.net,False
20210221,Polar+, https://tel.img.pmdstatic.net/fit/https.3A.2F.2Fprd2-tel-epg-img.2Es3-eu-west-1.2Eamazonaws.2Ecom.2Fchannel.2F2d170eaf9e8c3645.2Epng/80x80/quality/80/polarplus.png,http://www.programme-tv.net,False
20210221,Warner TV, https://tel.img.pmdstatic.net/fit/https.3A.2F.2Fprd2-tel-epg-img.2Es3-eu-west-1.2Eamazonaws.2Ecom.2Fchannel.2F5c29cfabaad8a767.2Epng/80x80/quality/80/warner-tv.png,http://www.programme-tv.net,False
20210221,serieclub, https://tel.img.pmdstatic.net/fit/https.3A.2F.2Fprd2-tel-epg-img.2Es3-eu-west-1.2Eamazonaws.2Ecom.2Fchannel.2Ff05b792ea1d2e42d.2Epng/80x80/quality/80/serieclub.png,http://www.programme-tv.net,False
20210221,MTV, https://tel.img.pmdstatic.net/fit/https.3A.2F.2Fprd2-tel-epg-img.2Es3-eu-west-1.2Eamazonaws.2Ecom.2Fchannel.2Ff496986602f0828c.2Epng/80x80/quality/80/mtv.png,http://www.programme-tv.net,False
20210221,ElleGirl,,http://www.m.programme-tv.net,True
20210221,Non Stop People HD, https://tel.img.pmdstatic.net/fit/https.3A.2F.2Fprd2-tel-epg-img.2Es3-eu-west-1.2Eamazonaws.2Ecom.2Fchannel.2F96f6b4eea610eb0c.2Epng/80x80/quality/80/non-stop-people-hd.png,http://www.programme-tv.net,False
20210221,Novelas TV, https://tel.img.pmdstatic.net/fit/https.3A.2F.2Fprd2-tel-epg-img.2Es3-eu-west-1.2Eamazonaws.2Ecom.2Fchannel.2Fe7e677ccf5a1339c.2Epng/80x80/quality/80/novelas-tv.png,http://www.programme-tv.net,False
20210221,MCM, https://tel.img.pmdstatic.net/fit/https.3A.2F.2Fprd2-tel-epg-img.2Es3-eu-west-1.2Eamazonaws.2Ecom.2Fchannel.2Fedb0d57b15db5129.2Epng/80x80/quality/80/mcm.png,http://www.programme-tv.net,False
20210221,Game One, https://tel.img.pmdstatic.net/fit/https.3A.2F.2Fprd2-tel-epg-img.2Es3-eu-west-1.2Eamazonaws.2Ecom.2Fchannel.2F9c8779525e7b421b.2Epng/80x80/quality/80/game-one.png,http://www.programme-tv.net,False
20210221,J-One, https://tel.img.pmdstatic.net/fit/https.3A.2F.2Fprd2-tel-epg-img.2Es3-eu-west-1.2Eamazonaws.2Ecom.2Fchannel.2F3e84665276607ddd.2Epng/80x80/quality/80/j-one.png,http://www.programme-tv.net,False
20210221,Mangas, https://tel.img.pmdstatic.net/fit/https.3A.2F.2Fprd2-tel-epg-img.2Es3-eu-west-1.2Eamazonaws.2Ecom.2Fchannel.2F33f6b35dccc9fb40.2Epng/80x80/quality/80/mangas.png,http://www.programme-tv.net,False
20210221,AB 1, https://tel.img.pmdstatic.net/fit/https.3A.2F.2Fprd2-tel-epg-img.2Es3-eu-west-1.2Eamazonaws.2Ecom.2Fchannel.2Fe23a6def410fa2d0.2Epng/80x80/quality/80/ab-1.png,http://www.programme-tv.net,False
20210221,TvBreizh, https://tel.img.pmdstatic.net/fit/https.3A.2F.2Fprd2-tel-epg-img.2Es3-eu-west-1.2Eamazonaws.2Ecom.2Fchannel.2F899e7b1aa2f350e2.2Epng/80x80/quality/80/tvbreizh.png,http://www.programme-tv.net,False
20210221,Téva, https://tel.img.pmdstatic.net/fit/https.3A.2F.2Fprd2-tel-epg-img.2Es3-eu-west-1.2Eamazonaws.2Ecom.2Fchannel.2F0989fcee33a19a8f.2Epng/80x80/quality/80/teva.png,http://www.programme-tv.net,False
20210221,RTL 9, https://tel.img.pmdstatic.net/fit/https.3A.2F.2Fprd2-tel-epg-img.2Es3-eu-west-1.2Eamazonaws.2Ecom.2Fchannel.2F26b97a62044497bc.2Epng/80x80/quality/80/rtl-9.png,http://www.programme-tv.net,False
20210221,BET, https://tel.img.pmdstatic.net/fit/https.3A.2F.2Fprd2-tel-epg-img.2Es3-eu-west-1.2Eamazonaws.2Ecom.2Fchannel.2Fdc3ebab77849df7a.2Epng/80x80/quality/80/bet.png,http://www.programme-tv.net,False
20210221,TV5MONDE, https://tel.img.pmdstatic.net/fit/https.3A.2F.2Fprd2-tel-epg-img.2Es3-eu-west-1.2Eamazonaws.2Ecom.2Fchannel.2F5b63a7ed4832338b.2Epng/80x80/quality/80/tv5monde.png,http://www.programme-tv.net,False
20210221,MyZen.tv, https://tel.img.pmdstatic.net/fit/https.3A.2F.2Fprd2-tel-epg-img.2Es3-eu-west-1.2Eamazonaws.2Ecom.2Fchannel.2F2068344d7ab9cbb3.2Epng/80x80/quality/80/myzen-tv.png,http://www.programme-tv.net,False
20210221,QVC,,http://www.m.programme-tv.net,True
20210221,M6 Boutique, https://tel.img.pmdstatic.net/fit/https.3A.2F.2Fprd2-tel-epg-img.2Es3-eu-west-1.2Eamazonaws.2Ecom.2Fchannel.2F92e431a5a4dc3bed.2Epng/80x80/quality/80/m6-boutique.png,http://www.programme-tv.net,False
20210221,Planète+ Crime Investigation, https://tel.img.pmdstatic.net/fit/https.3A.2F.2Fprd2-tel-epg-img.2Es3-eu-west-1.2Eamazonaws.2Ecom.2Fchannel.2F20eb72545f38c83e.2Epng/80x80/quality/80/planeteplus-crime-investigation.png,http://www.programme-tv.net,False
20210221,Planète+ Aventure Expérience, https://tel.img.pmdstatic.net/fit/https.3A.2F.2Fprd2-tel-epg-img.2Es3-eu-west-1.2Eamazonaws.2Ecom.2Fchannel.2F6cb5f38dbfebbc80.2Epng/80x80/quality/80/planeteplus-aventure-experience.png,http://www.programme-tv.net,False
20210221,National Geographic, https://tel.img.pmdstatic.net/fit/https.3A.2F.2Fprd2-tel-epg-img.2Es3-eu-west-1.2Eamazonaws.2Ecom.2Fchannel.2F59a6bac22a41087b.2Epng/80x80/quality/80/national-geographic.png,http://www.programme-tv.net,False
20210221,Nat Geo Wild, https://tel.img.pmdstatic.net/fit/https.3A.2F.2Fprd2-tel-epg-img.2Es3-eu-west-1.2Eamazonaws.2Ecom.2Fchannel.2Fc5a40efcfc1b9fc6.2Epng/80x80/quality/80/nat-geo-wild.png,http://www.programme-tv.net,False
20210221,Voyage, https://tel.img.pmdstatic.net/fit/https.3A.2F.2Fprd2-tel-epg-img.2Es3-eu-west-1.2Eamazonaws.2Ecom.2Fchannel.2Fc3844599d2b2dd48.2Epng/80x80/quality/80/voyage.png,http://www.programme-tv.net,True
20210221,Ushuaïa TV, https://tel.img.pmdstatic.net/fit/https.3A.2F.2Fprd2-tel-epg-img.2Es3-eu-west-1.2Eamazonaws.2Ecom.2Fchannel.2F57f7178645396f8f.2Epng/80x80/quality/80/ushuaia-tv.png,http://www.programme-tv.net,False
20210221,Histoire, https://tel.img.pmdstatic.net/fit/https.3A.2F.2Fprd2-tel-epg-img.2Es3-eu-west-1.2Eamazonaws.2Ecom.2Fchannel.2Fae6842d13f64cc42.2Epng/80x80/quality/80/histoire-tv.png,http://www.programme-tv.net,False
20210221,Science & Vie TV, https://tel.img.pmdstatic.net/fit/https.3A.2F.2Fprd2-tel-epg-img.2Es3-eu-west-1.2Eamazonaws.2Ecom.2Fchannel.2F018b5d9adc0bdc0e.2Epng/80x80/quality/80/science-vie-tv.png,http://www.programme-tv.net,False
20210221,Animaux, https://tel.img.pmdstatic.net/fit/https.3A.2F.2Fprd2-tel-epg-img.2Es3-eu-west-1.2Eamazonaws.2Ecom.2Fchannel.2F23ccb06fb2c68b22.2Epng/80x80/quality/80/animaux.png,http://www.programme-tv.net,False
20210221,Trek, https://tel.img.pmdstatic.net/fit/https.3A.2F.2Fprd2-tel-epg-img.2Es3-eu-west-1.2Eamazonaws.2Ecom.2Fchannel.2F74ab191e92e23716.2Epng/80x80/quality/80/trek.png,http://www.programme-tv.net,False
20210221,Seasons, https://tel.img.pmdstatic.net/fit/https.3A.2F.2Fprd2-tel-epg-img.2Es3-eu-west-1.2Eamazonaws.2Ecom.2Fchannel.2Ff94fd267907af274.2Epng/80x80/quality/80/seasons.png,http://www.programme-tv.net,False
20210221,Chasse et pêche, https://tel.img.pmdstatic.net/fit/https.3A.2F.2Fprd2-tel-epg-img.2Es3-eu-west-1.2Eamazonaws.2Ecom.2Fchannel.2F148757fa7aac9306.2Epng/80x80/quality/80/chasse-et-peche.png,http://www.programme-tv.net,False
20210221,La Chaîne Météo, https://tel.img.pmdstatic.net/fit/https.3A.2F.2Fprd2-tel-epg-img.2Es3-eu-west-1.2Eamazonaws.2Ecom.2Fchannel.2F1083cefa309b092a.2Epng/80x80/quality/80/la-chaine-meteo.png,http://www.programme-tv.net,False
20210221,Euronews, https://tel.img.pmdstatic.net/fit/https.3A.2F.2Fprd2-tel-epg-img.2Es3-eu-west-1.2Eamazonaws.2Ecom.2Fchannel.2F2a9727922f0d8f4a.2Epng/80x80/quality/80/euronews.png,http://www.programme-tv.net,False
20210221,France 24, https://tel.img.pmdstatic.net/fit/https.3A.2F.2Fprd2-tel-epg-img.2Es3-eu-west-1.2Eamazonaws.2Ecom.2Fchannel.2Fd9073c87e2c51942.2Epng/80x80/quality/80/france-24.png,http://www.programme-tv.net,True
20210221,BFM Business, https://tel.img.pmdstatic.net/fit/https.3A.2F.2Fprd2-tel-epg-img.2Es3-eu-west-1.2Eamazonaws.2Ecom.2Fchannel.2F98046f2ed89e2e0e.2Epng/80x80/quality/80/bfm-business.png,http://www.programme-tv.net,False
20210221,CNN, https://tel.img.pmdstatic.net/fit/https.3A.2F.2Fprd2-tel-epg-img.2Es3-eu-west-1.2Eamazonaws.2Ecom.2Fchannel.2F0e520c59fae7a482.2Epng/80x80/quality/80/cnn.png,http://www.programme-tv.net,False
20210221,I24news, https://tel.img.pmdstatic.net/fit/https.3A.2F.2Fprd2-tel-epg-img.2Es3-eu-west-1.2Eamazonaws.2Ecom.2Fchannel.2F9808b61ec0b68270.2Epng/80x80/quality/80/i24news.png,http://www.programme-tv.net,False
20210221,KTO, https://tel.img.pmdstatic.net/fit/https.3A.2F.2Fprd2-tel-epg-img.2Es3-eu-west-1.2Eamazonaws.2Ecom.2Fchannel.2F5abf7243cef51be2.2Epng/80x80/quality/80/kto.png,http://www.programme-tv.net,False
20210221,Infosport+, https://tel.img.pmdstatic.net/fit/https.3A.2F.2Fprd2-tel-epg-img.2Es3-eu-west-1.2Eamazonaws.2Ecom.2Fchannel.2F70f1ca244fd14ebd.2Epng/80x80/quality/80/infosportplus.png,http://www.programme-tv.net,False
20210221,Eurosport 1, https://tel.img.pmdstatic.net/fit/https.3A.2F.2Fprd2-tel-epg-img.2Es3-eu-west-1.2Eamazonaws.2Ecom.2Fchannel.2F011c8fc9c95e6756.2Epng/80x80/quality/80/eurosport-1.png,http://www.programme-tv.net,False
20210221,Eurosport 2, https://tel.img.pmdstatic.net/fit/https.3A.2F.2Fprd2-tel-epg-img.2Es3-eu-west-1.2Eamazonaws.2Ecom.2Fchannel.2F0b05c75eb14a5d15.2Epng/80x80/quality/80/eurosport-2.png,http://www.programme-tv.net,False
20210221,beIN SPORTS 1, https://tel.img.pmdstatic.net/fit/https.3A.2F.2Fprd2-tel-epg-img.2Es3-eu-west-1.2Eamazonaws.2Ecom.2Fchannel.2Fe8d1e76d5cd0dcb6.2Epng/80x80/quality/80/bein-sports-1.png,http://www.programme-tv.net,False
20210221,beIN SPORTS 2, https://tel.img.pmdstatic.net/fit/https.3A.2F.2Fprd2-tel-epg-img.2Es3-eu-west-1.2Eamazonaws.2Ecom.2Fchannel.2F4bbb8d9f79b28788.2Epng/80x80/quality/80/bein-sports-2.png,http://www.programme-tv.net,False
20210221,beIN SPORTS 3, https://tel.img.pmdstatic.net/fit/https.3A.2F.2Fprd2-tel-epg-img.2Es3-eu-west-1.2Eamazonaws.2Ecom.2Fchannel.2Fce8a608c29386dd9.2Epng/80x80/quality/80/bein-sports-3.png,http://www.programme-tv.net,False
20210221,RMC Sport 1, https://tel.img.pmdstatic.net/fit/https.3A.2F.2Fprd2-tel-epg-img.2Es3-eu-west-1.2Eamazonaws.2Ecom.2Fchannel.2F660e3a41a2d5ce45.2Epng/80x80/quality/80/rmc-sport-1.png,http://www.programme-tv.net,False
20210221,RMC Sport 2, https://tel.img.pmdstatic.net/fit/https.3A.2F.2Fprd2-tel-epg-img.2Es3-eu-west-1.2Eamazonaws.2Ecom.2Fchannel.2Fafa05a283910ac4b.2Epng/80x80/quality/80/rmc-sport-2.png,http://www.programme-tv.net,False
20210221,RMC Sport 3, https://tel.img.pmdstatic.net/fit/https.3A.2F.2Fprd2-tel-epg-img.2Es3-eu-west-1.2Eamazonaws.2Ecom.2Fchannel.2F05c77dc50ffcbd5e.2Epng/80x80/quality/80/rmc-sport-3.png,http://www.programme-tv.net,False
20210221,RMC Sport 4, https://tel.img.pmdstatic.net/fit/https.3A.2F.2Fprd2-tel-epg-img.2Es3-eu-west-1.2Eamazonaws.2Ecom.2Fchannel.2F4c2eaf382cededb2.2Epng/80x80/quality/80/rmc-sport-4.png,http://www.programme-tv.net,False
20210221,RMC Sport News,https://tel.img.pmdstatic.net/fit/https.3A.2F.2Fprd2-tel-epg-img.2Es3-eu-west-1.2Eamazonaws.2Ecom.2Fchannel.2Fa6d6db1370efc50c.2Epng/30x30/quality/80/rmc-sport-news.png,http://www.m.programme-tv.net,True
20210221,Onzéo, https://tel.img.pmdstatic.net/fit/https.3A.2F.2Fprd2-tel-epg-img.2Es3-eu-west-1.2Eamazonaws.2Ecom.2Fchannel.2Ff9bf8a2e492af6b9.2Epng/80x80/quality/80/onzeo.png,http://www.programme-tv.net,False
20210221,OLTV, https://tel.img.pmdstatic.net/fit/https.3A.2F.2Fprd2-tel-epg-img.2Es3-eu-west-1.2Eamazonaws.2Ecom.2Fchannel.2Fc85399a0ae331674.2Epng/80x80/quality/80/oltv.png,http://www.programme-tv.net,False
20210221,Automoto, https://tel.img.pmdstatic.net/fit/https.3A.2F.2Fprd2-tel-epg-img.2Es3-eu-west-1.2Eamazonaws.2Ecom.2Fchannel.2F42866761d8d5efe1.2Epng/80x80/quality/80/automoto.png,http://www.programme-tv.net,False
20210221,Equidia, https://tel.img.pmdstatic.net/fit/https.3A.2F.2Fprd2-tel-epg-img.2Es3-eu-west-1.2Eamazonaws.2Ecom.2Fchannel.2F57f850d8546962e8.2Epng/80x80/quality/80/equidia.png,http://www.programme-tv.net,False
20210221,Golf+, https://tel.img.pmdstatic.net/fit/https.3A.2F.2Fprd2-tel-epg-img.2Es3-eu-west-1.2Eamazonaws.2Ecom.2Fchannel.2F57c9f12a257453d0.2Epng/80x80/quality/80/golfplus.png,http://www.programme-tv.net,False
20210221,Cinema 1,http://content.osn.com/logo/channel/cropped/CM1.png,http://www.osn.com,True
20210221,Cinema 2,http://content.osn.com/logo/channel/cropped/CM2.png,http://www.osn.com,True
20210221,Music Now,http://content.osn.com/logo/channel/cropped/NOW.png,http://www.osn.com,False
20210221,Hekayat,http://content.osn.com/logo/channel/cropped/HK1.png,http://www.osn.com,False
20210221,Hekayat 2,http://content.osn.com/logo/channel/cropped/HK2.png,http://www.osn.com,False
20210221,ART Aflam 1,http://content.osn.com/logo/channel/cropped/AF1.png,http://www.osn.com,True
20210221,ART Aflam 2,http://content.osn.com/logo/channel/cropped/AF2.png,http://www.osn.com,True
20210221,ART Cinema,http://content.osn.com/logo/channel/cropped/ACM.png,http://www.osn.com,True
20210221,Ellay.com,http://content.osn.com/logo/channel/cropped/ELL.png,http://www.osn.com,True
20210221,Al Aan TV,http://content.osn.com/logo/channel/cropped/AAN.png,http://www.osn.com,False
20210221,Beity TV,http://content.osn.com/logo/channel/cropped/BEI.png,http://www.osn.com,False
20210221,KTV1 HD,http://content.osn.com/logo/channel/cropped/KT1.png,http://www.osn.com,True
20210221,KTV2 HD,http://content.osn.com/logo/channel/cropped/KT2.png,http://www.osn.com,True
20210221,KTV Ethraa HD,http://content.osn.com/logo/channel/cropped/KTE.png,http://www.osn.com,True
20210221,KTV Arabe HD,http://content.osn.com/logo/channel/cropped/KTA.png,http://www.osn.com,True
20210221,KTV Majlis HD,http://content.osn.com/logo/channel/cropped/KTM.png,http://www.osn.com,True
20210221,Al Qurain HD,http://content.osn.com/logo/channel/cropped/KTQ.png,http://www.osn.com,True
20210221,Sharjah TV,http://content.osn.com/logo/channel/cropped/SHJ.png,http://www.osn.com,True
20210221,Sharqiya from Kalba,http://content.osn.com/logo/channel/cropped/SQK.png,http://www.osn.com,True
20210221,Crime \\u0026 Investigation Network,http://content.osn.com/logo/channel/cropped/CAI.png,http://www.osn.com,False
20210221,History HD,,http://www.osn.com,True
20210221,H2 HD,,http://www.osn.com,True
20210221,Nat Geo HD,,http://www.osn.com,True
20210221,Nat Geo Wild HD,,http://www.osn.com,True
20210221,Nat Geo People HD,,http://www.osn.com,True
20210221,Dubai Racing 1 HD,,http://www.osn.com,True
20210221,Dubai Racing 3,,http://www.osn.com,True
20210221,Sharjah Sport HD,,http://www.osn.com,True
20210221,KTV Sport HD,,http://www.osn.com,True
20210221,KTV Sport Plus HD,,http://www.osn.com,True
20210221,TFC,,http://www.osn.com,True
20210221,ABS-CBN Sports+Action,,http://www.osn.com,True
20210221,Cinema One Global,,http://www.osn.com,True
20210221,ANC,,http://www.osn.com,True
20210221,DZMM Teleradyo,,http://www.osn.com,True
20210221,DWRR 101.9,,http://www.osn.com,True
20210221,Viva TV,,http://www.osn.com,True
20210221,Myx,,http://www.osn.com,True
20210221,OSN Movies First,http://content.osn.com/logo/channel/cropped/OM1.png,http://www.osn.com,False
20210221,OSN Movies First+2,http://content.osn.com/logo/channel/cropped/OMX.png,http://www.osn.com,False
20210221,OSN Action,http://content.osn.com/logo/channel/cropped/AHD.png,http://www.osn.com,False
20210221,OSN Movies,http://content.osn.com/logo/channel/cropped/OPR.png,http://www.osn.com,False
20210221,OSN Popup,http://content.osn.com/logo/channel/cropped/POP.png,http://www.osn.com,True
20210221,OSN Enigma,http://content.osn.com/logo/channel/cropped/OCM.png,http://www.osn.com,False
20210221,OSN Kids,http://content.osn.com/logo/channel/cropped/OMK.png,http://www.osn.com,False
20210221,OSN Movies Disney,http://content.osn.com/logo/channel/cropped/OFM.png,http://www.osn.com,False
