,id,icon,site,missed,total,missed_count,missed_percent
0,NET 25,http://content.osn.com/logo/channel/cropped/NET.png,http://www.osn.com,True,1,1.0,100.0
1,KTV Sport HD,,http://www.osn.com,True,1,1.0,100.0
2,Ciné+ Classic Belgique,,http://www.m.programme-tv.net,True,1,1.0,100.0
3,Ciné+ Frisson Belgique,,http://www.m.programme-tv.net,True,1,1.0,100.0
4,Comedy Central,http://content.osn.com/logo/channel/cropped/CCE.png,http://www.osn.com,True,1,1.0,100.0
5,OL TV,,http://www.canalplus.com,True,1,1.0,100.0
6,ONZEO,,http://www.canalsat.fr,True,1,1.0,100.0
7,GIRONDINS TV,,http://www.canalsat.fr,True,1,1.0,100.0
8,Arte Belgique,,http://www.m.programme-tv.net,True,1,1.0,100.0
9,EXTREME SPORTS,,http://www.canalplus.com,True,1,1.0,100.0
10,RMC SPORT NEWS,,http://www.canalplus.com,True,1,1.0,100.0
11,Vivolta,,http://www.m.programme-tv.net,True,1,1.0,100.0
12,My Cuisine,,http://www.m.programme-tv.net,True,1,1.0,100.0
13,Stingray Brava,,http://www.programme-tv.net,True,1,1.0,100.0
14,2M Monde,,http://www.programme-tv.net,True,1,1.0,100.0
15,Sharjah TV,http://content.osn.com/logo/channel/cropped/SHJ.png,http://www.osn.com,True,2,2.0,100.0
16,History HD,,http://www.osn.com,True,1,1.0,100.0
17,H2 HD,,http://www.osn.com,True,1,1.0,100.0
18,Nat Geo HD,,http://www.osn.com,True,1,1.0,100.0
19,Nat Geo Wild HD,,http://www.osn.com,True,1,1.0,100.0
20,Nat Geo People HD,,http://www.osn.com,True,1,1.0,100.0
21,Dubai Racing 1 HD,,http://www.osn.com,True,1,1.0,100.0
22,Dubai Racing 3,,http://www.osn.com,True,1,1.0,100.0
23,VOOsport World 3,,http://www.m.programme-tv.net,True,1,1.0,100.0
24,Eleven Sports 1,,http://www.m.programme-tv.net,True,1,1.0,100.0
25,Eleven Sports 2,,http://www.m.programme-tv.net,True,1,1.0,100.0
26,BX1,,http://www.m.programme-tv.net,True,1,1.0,100.0
27,France Ô,https://tel.img.pmdstatic.net/fit/https.3A.2F.2Fprd2-tel-epg-img.2Es3-eu-west-1.2Eamazonaws.2Ecom.2Fchannel.2F7228d555798e4a9c.2Epng/30x30/quality/80/france-o.png,http://www.m.programme-tv.net,True,1,1.0,100.0
28,MCM TOP,,http://www.canalsat.fr,True,1,1.0,100.0
29,NPO3,,http://www.m.programme-tv.net,True,1,1.0,100.0
30,TRACE AFRICA,,http://www.canalsat.fr,True,1,1.0,100.0
31,FRANCE O,,http://www.canalplus.com,True,1,1.0,100.0
32,QVC,,http://www.canalsat.fr,True,2,2.0,100.0
33,MY ZEN TV,,http://www.canalplus.com,True,1,1.0,100.0
34,M6 BOUTIQUE,,http://www.canalplus.com,True,1,1.0,100.0
35,VOYAGE,,http://www.canalplus.com,True,1,1.0,100.0
36,Canal Zoom,,http://www.m.programme-tv.net,True,1,1.0,100.0
37,RTC Télé Liège,,http://www.m.programme-tv.net,True,1,1.0,100.0
38,MAtélé,,http://www.m.programme-tv.net,True,1,1.0,100.0
39,TREK,,http://www.canalplus.com,True,1,1.0,100.0
40,Télé MB,,http://www.m.programme-tv.net,True,1,1.0,100.0
41,Canal C,,http://www.m.programme-tv.net,True,1,1.0,100.0
42,NoTélé,,http://www.m.programme-tv.net,True,1,1.0,100.0
43,Vedia,,http://www.m.programme-tv.net,True,1,1.0,100.0
44,TV Lux,,http://www.m.programme-tv.net,True,1,1.0,100.0
45,TV COM,,http://www.m.programme-tv.net,True,1,1.0,100.0
46,Télé Sambre,,http://www.m.programme-tv.net,True,1,1.0,100.0
47,Sharjah Sport HD,,http://www.osn.com,True,1,1.0,100.0
48,KTV Sport Plus HD,,http://www.osn.com,True,1,1.0,100.0
49,L'Equipe,,http://www.programme-tv.net,True,1,1.0,100.0
50,TFC,,http://www.osn.com,True,1,1.0,100.0
51,SportsHD16 English,,http://www.bein.net,True,1,1.0,100.0
52,SportsHD17 English,,http://www.bein.net,True,1,1.0,100.0
53,4K English,,http://www.bein.net,True,1,1.0,100.0
54,BS NBA English,,http://www.bein.net,True,1,1.0,100.0
55,ELLE GIRL,,http://www.canalsat.fr,True,1,1.0,100.0
56,DISNEY XD,,http://www.canalplus.com,True,1,1.0,100.0
57,Discovery ID,,http://www.osn.com,True,1,1.0,100.0
58,Discovery Science HD,,http://www.osn.com,True,1,1.0,100.0
59,Discovery HD,,http://www.osn.com,True,1,1.0,100.0
60,CNBC Arabia,,http://www.osn.com,True,1,1.0,100.0
61,DMAX English,https://epg.beinsports.com/mena_entertaintment/DMAX.svg?2017,http://www.bein.net,True,1,1.0,100.0
62,CGTN Arabic,,http://www.osn.com,True,1,1.0,100.0
63,BBC Arabic,,http://www.osn.com,True,1,1.0,100.0
64,AL Hurra Iraq HD,,http://www.osn.com,True,1,1.0,100.0
65,AL Hurra HD,,http://www.osn.com,True,1,1.0,100.0
66,AnimalPlanetHD English,https://epg.beinsports.com/mena_entertaintment/AnimalPlanetHD.svg,http://www.bein.net,True,1,1.0,100.0
67,Rusiya Al Yawm,,http://www.osn.com,True,1,1.0,100.0
68,AlMamlaka TV,,http://www.osn.com,True,1,1.0,100.0
69,DTX English,https://epg.beinsports.com/mena_entertaintment/DTX.png,http://www.bein.net,True,1,1.0,100.0
70,DLife English,https://epg.beinsports.com/mena_entertaintment/DLife.svg?2017,http://www.bein.net,True,1,1.0,100.0
71,FineLiving English,https://epg.beinsports.com/mena_entertaintment/FineLiving.png,http://www.bein.net,True,1,1.0,100.0
72,SportsHD15 English,,http://www.bein.net,True,1,1.0,100.0
73,SportsHD14 English,,http://www.bein.net,True,1,1.0,100.0
74,SportsHD13 English,,http://www.bein.net,True,1,1.0,100.0
75,HD1 English,,http://www.bein.net,True,1,1.0,100.0
76,ABS-CBN Sports+Action,,http://www.osn.com,True,1,1.0,100.0
77,Cinema One Global,,http://www.osn.com,True,1,1.0,100.0
78,ANC,,http://www.osn.com,True,1,1.0,100.0
79,DZMM Teleradyo,,http://www.osn.com,True,1,1.0,100.0
80,DWRR 101.9,,http://www.osn.com,True,1,1.0,100.0
81,Viva TV,,http://www.osn.com,True,1,1.0,100.0
82,Myx,,http://www.osn.com,True,1,1.0,100.0
83,SportsGlobalHD English,,http://www.bein.net,True,1,1.0,100.0
84,News_ar English,,http://www.bein.net,True,1,1.0,100.0
85,HD2 English,,http://www.bein.net,True,1,1.0,100.0
86,SportsHD12 English,,http://www.bein.net,True,1,1.0,100.0
87,HD3 English,,http://www.bein.net,True,1,1.0,100.0
88,HD4 English,,http://www.bein.net,True,1,1.0,100.0
89,HD5 English,,http://www.bein.net,True,1,1.0,100.0
90,HD6 English,,http://www.bein.net,True,1,1.0,100.0
91,HD7 English,,http://www.bein.net,True,1,1.0,100.0
92,HD8 English,,http://www.bein.net,True,1,1.0,100.0
93,HD9 English,,http://www.bein.net,True,1,1.0,100.0
94,HD10 English,,http://www.bein.net,True,1,1.0,100.0
95,SportsHD11 English,,http://www.bein.net,True,1,1.0,100.0
96,RMC Sport News,https://tel.img.pmdstatic.net/fit/https.3A.2F.2Fprd2-tel-epg-img.2Es3-eu-west-1.2Eamazonaws.2Ecom.2Fchannel.2Fa6d6db1370efc50c.2Epng/30x30/quality/80/rmc-sport-news.png,http://www.m.programme-tv.net,True,1,1.0,100.0
97,Ciné+ Premier Belgique,,http://www.m.programme-tv.net,True,1,1.0,100.0
98,OMTV,https://television.telerama.fr/sites/tr_master/files/sheet_media/tv/150x150/334.png,http://www.telerama.fr,True,1,1.0,100.0
99,Hawass,https://media.elcinema.com/tvguide/1265_1.png,http://www.elcinema.com,True,1,1.0,100.0
100,Fujairah,https://media.elcinema.com/tvguide/1302_1.png,http://www.elcinema.com,True,1,1.0,100.0
101,France 24, https://tel.img.pmdstatic.net/fit/https.3A.2F.2Fprd2-tel-epg-img.2Es3-eu-west-1.2Eamazonaws.2Ecom.2Fchannel.2Fd9073c87e2c51942.2Epng/80x80/quality/80/france-24.png,http://www.programme-tv.net,True,2,2.0,100.0
102,Paramount,http://content.osn.com/logo/channel/cropped/PAR.png,http://www.osn.com,True,1,1.0,100.0
103,Extreme Sports Channel,https://television.telerama.fr/sites/tr_master/files/sheet_media/tv/150x150/253.png,http://www.telerama.fr,True,2,2.0,100.0
104,Disney XD,http://content.osn.com/logo/channel/cropped/DXD.png,http://www.osn.com,True,2,2.0,100.0
105,Motorsport TV,https://television.telerama.fr/sites/tr_master/files/sheet_media/tv/150x150/237.png,http://www.telerama.fr,True,1,1.0,100.0
106,Disney HD,http://content.osn.com/logo/channel/cropped/DIS.png,http://www.osn.com,True,1,1.0,100.0
107,Oman,https://media.elcinema.com/tvguide/1317_1.png,http://www.elcinema.com,True,1,1.0,100.0
108,Fashion TV HD,http://content.osn.com/logo/channel/cropped/FTH.png,http://www.osn.com,True,1,1.0,100.0
109,Voyage, https://tel.img.pmdstatic.net/fit/https.3A.2F.2Fprd2-tel-epg-img.2Es3-eu-west-1.2Eamazonaws.2Ecom.2Fchannel.2Fc3844599d2b2dd48.2Epng/80x80/quality/80/voyage.png,http://www.programme-tv.net,True,1,1.0,100.0
110,Aflam TV 7 Maroc,https://media.elcinema.com/tvguide/1207_1.png,http://www.elcinema.com,True,1,1.0,100.0
111,Future TV,https://media.elcinema.com/tvguide/1171_1.png,http://www.elcinema.com,True,1,1.0,100.0
112,Disney Cinema,,http://www.m.programme-tv.net,True,1,1.0,100.0
113,Alhayat Series,https://media.elcinema.com/tvguide/1138_1.png,http://www.elcinema.com,True,2,2.0,100.0
114,LBC Europe,https://media.elcinema.com/tvguide/1225_1.png,http://www.elcinema.com,True,1,1.0,100.0
115,Sundance TV,,http://www.m.programme-tv.net,True,1,1.0,100.0
116,ElleGirl,,http://www.m.programme-tv.net,True,1,1.0,100.0
117,Zee alwan,https://media.elcinema.com/tvguide/1261_1.png,http://www.elcinema.com,True,1,1.0,100.0
118,OSN News,http://content.osn.com/logo/channel/cropped/ONS.png,http://www.osn.com,True,1,1.0,100.0
119,Lifestyle Network,http://content.osn.com/logo/channel/cropped/LSN.png,http://www.osn.com,True,1,1.0,100.0
120,ABS-CBN Regional Channel,http://content.osn.com/logo/channel/cropped/ARC.png,http://www.osn.com,True,1,1.0,100.0
121,OSN Popup,http://content.osn.com/logo/channel/cropped/POP.png,http://www.osn.com,True,1,1.0,100.0
122,CBC Drama,https://media.elcinema.com/tvguide/1199_1.png,http://www.elcinema.com,False,1,0.0,0.0
123,beIN SPORTS MAX 6, https://tel.img.pmdstatic.net/fit/https.3A.2F.2Fprd2-tel-epg-img.2Es3-eu-west-1.2Eamazonaws.2Ecom.2Fchannel.2F62ebc7a06f14c677.2Epng/80x80/quality/80/bein-sports-max-6.png,http://www.programme-tv.net,False,1,0.0,0.0
124,RTL 9, https://tel.img.pmdstatic.net/fit/https.3A.2F.2Fprd2-tel-epg-img.2Es3-eu-west-1.2Eamazonaws.2Ecom.2Fchannel.2F26b97a62044497bc.2Epng/80x80/quality/80/rtl-9.png,http://www.programme-tv.net,False,1,0.0,0.0
125,TeN TV,https://media.elcinema.com/tvguide/1280_1.png,http://www.elcinema.com,False,1,0.0,0.0
126,Fan,https://media.elcinema.com/tvguide/1233_1.png,http://www.elcinema.com,False,1,0.0,0.0
127,beIN SPORTS MAX 7, https://tel.img.pmdstatic.net/fit/https.3A.2F.2Fprd2-tel-epg-img.2Es3-eu-west-1.2Eamazonaws.2Ecom.2Fchannel.2Fe230707a846c7534.2Epng/80x80/quality/80/bein-sports-max-7.png,http://www.programme-tv.net,False,1,0.0,0.0
128,beIN SPORTS MAX 8, https://tel.img.pmdstatic.net/fit/https.3A.2F.2Fprd2-tel-epg-img.2Es3-eu-west-1.2Eamazonaws.2Ecom.2Fchannel.2F36767adfe63d9618.2Epng/80x80/quality/80/bein-sports-max-8.png,http://www.programme-tv.net,False,1,0.0,0.0
129,Al Aoula Morocco,https://media.elcinema.com/tvguide/1312_1.png,http://www.elcinema.com,False,1,0.0,0.0
130,beIN SPORTS MAX 9, https://tel.img.pmdstatic.net/fit/https.3A.2F.2Fprd2-tel-epg-img.2Es3-eu-west-1.2Eamazonaws.2Ecom.2Fchannel.2F336f2d894ae76f43.2Epng/80x80/quality/80/bein-sports-max-9.png,http://www.programme-tv.net,False,1,0.0,0.0
131,ON E,https://media.elcinema.com/tvguide/1203_1.png,http://www.elcinema.com,False,1,0.0,0.0
132,DMC DRAMA,https://media.elcinema.com/tvguide/1292_1.png,http://www.elcinema.com,False,1,0.0,0.0
133,beIN SPORTS MAX 10, https://tel.img.pmdstatic.net/fit/https.3A.2F.2Fprd2-tel-epg-img.2Es3-eu-west-1.2Eamazonaws.2Ecom.2Fchannel.2Ff240cef75d7dde40.2Epng/80x80/quality/80/bein-sports-max-10.png,http://www.programme-tv.net,False,1,0.0,0.0
134,RMC Sport Live 5, https://tel.img.pmdstatic.net/fit/https.3A.2F.2Fprd2-tel-epg-img.2Es3-eu-west-1.2Eamazonaws.2Ecom.2Fchannel.2Fd618874a3b9b7141.2Epng/80x80/quality/80/rmc-sport-live-5.png,http://www.programme-tv.net,False,1,0.0,0.0
135,RMC Sport Live 6, https://tel.img.pmdstatic.net/fit/https.3A.2F.2Fprd2-tel-epg-img.2Es3-eu-west-1.2Eamazonaws.2Ecom.2Fchannel.2F23ed35cd25930973.2Epng/80x80/quality/80/rmc-sport-live-6.png,http://www.programme-tv.net,False,1,0.0,0.0
136,RMC Sport Live 7, https://tel.img.pmdstatic.net/fit/https.3A.2F.2Fprd2-tel-epg-img.2Es3-eu-west-1.2Eamazonaws.2Ecom.2Fchannel.2F5c6f4d1f05d2f3bb.2Epng/80x80/quality/80/rmc-sport-live-7.png,http://www.programme-tv.net,False,1,0.0,0.0
137,Nile Drama,https://media.elcinema.com/tvguide/1156_1.png,http://www.elcinema.com,False,1,0.0,0.0
138,Series,https://media.elcinema.com/tvguide/1161_1.png,http://www.elcinema.com,False,1,0.0,0.0
139,RMC Sport Live 8, https://tel.img.pmdstatic.net/fit/https.3A.2F.2Fprd2-tel-epg-img.2Es3-eu-west-1.2Eamazonaws.2Ecom.2Fchannel.2F3719059b3c04e9c5.2Epng/80x80/quality/80/rmc-sport-live-8.png,http://www.programme-tv.net,False,1,0.0,0.0
140,SBC,https://media.elcinema.com/tvguide/1297_1.png,http://www.elcinema.com,False,1,0.0,0.0
141,RMC Sport Live 9, https://tel.img.pmdstatic.net/fit/https.3A.2F.2Fprd2-tel-epg-img.2Es3-eu-west-1.2Eamazonaws.2Ecom.2Fchannel.2F5b55555202907c4c.2Epng/80x80/quality/80/rmc-sport-live-9.png,http://www.programme-tv.net,False,1,0.0,0.0
142,beIN SPORTS MAX 5, https://tel.img.pmdstatic.net/fit/https.3A.2F.2Fprd2-tel-epg-img.2Es3-eu-west-1.2Eamazonaws.2Ecom.2Fchannel.2F9c869cdecb9a6c36.2Epng/80x80/quality/80/bein-sports-max-5.png,http://www.programme-tv.net,False,1,0.0,0.0
143,iFILM TV,https://media.elcinema.com/tvguide/1204_1.png,http://www.elcinema.com,False,1,0.0,0.0
144,Amman,https://media.elcinema.com/tvguide/1298_1.png,http://www.elcinema.com,False,1,0.0,0.0
145,Mehwar,https://media.elcinema.com/tvguide/1145_1.png,http://www.elcinema.com,False,1,0.0,0.0
146,Sada El Balad,https://media.elcinema.com/tvguide/1226_1.png,http://www.elcinema.com,False,1,0.0,0.0
147,Al Nahar TV,https://media.elcinema.com/tvguide/1193_1.png,http://www.elcinema.com,False,1,0.0,0.0
148,Al Jadeed TV,https://media.elcinema.com/tvguide/1216_1.png,http://www.elcinema.com,False,1,0.0,0.0
149,Al Kahera Wal Nas TV,https://media.elcinema.com/tvguide/1174_1.png,http://www.elcinema.com,False,1,0.0,0.0
150,Al sharqya,https://media.elcinema.com/tvguide/1269_1.png,http://www.elcinema.com,False,1,0.0,0.0
151,almanar,https://media.elcinema.com/tvguide/1321_1.png,http://www.elcinema.com,False,1,0.0,0.0
152,Roya,https://media.elcinema.com/tvguide/1299_1.png,http://www.elcinema.com,False,1,0.0,0.0
153,MyZen.tv, https://tel.img.pmdstatic.net/fit/https.3A.2F.2Fprd2-tel-epg-img.2Es3-eu-west-1.2Eamazonaws.2Ecom.2Fchannel.2F2068344d7ab9cbb3.2Epng/80x80/quality/80/myzen-tv.png,http://www.programme-tv.net,False,1,0.0,0.0
154,Alhayat TV,https://media.elcinema.com/tvguide/1137_1.png,http://www.elcinema.com,False,1,0.0,0.0
155,ON Drama,https://media.elcinema.com/tvguide/1134_1.png,http://www.elcinema.com,False,1,0.0,0.0
156,TV5MONDE, https://tel.img.pmdstatic.net/fit/https.3A.2F.2Fprd2-tel-epg-img.2Es3-eu-west-1.2Eamazonaws.2Ecom.2Fchannel.2F5b63a7ed4832338b.2Epng/80x80/quality/80/tv5monde.png,http://www.programme-tv.net,False,1,0.0,0.0
157,Lana,https://media.elcinema.com/tvguide/1313_1.png,http://www.elcinema.com,False,1,0.0,0.0
158,Sada El Balad Drama,https://media.elcinema.com/tvguide/1227_1.png,http://www.elcinema.com,False,1,0.0,0.0
159,CSTAR,,http://www.canalplus.com,False,2,0.0,0.0
160,FRANCE 4,,http://www.canalplus.com,False,1,0.0,0.0
161,NRJ 12,,http://www.canalplus.com,False,2,0.0,0.0
162,TFX,,http://www.canalplus.com,False,2,0.0,0.0
163,TMC,,http://www.canalplus.com,False,2,0.0,0.0
164,Thikrayat Tv,https://media.elcinema.com/tvguide/1366_1.png,http://www.elcinema.com,False,1,0.0,0.0
165,Canal+ Sport, https://tel.img.pmdstatic.net/fit/https.3A.2F.2Fprd2-tel-epg-img.2Es3-eu-west-1.2Eamazonaws.2Ecom.2Fchannel.2F9de0bc1edfee1d17.2Epng/80x80/quality/80/canalplus-sport.png,http://www.programme-tv.net,False,1,0.0,0.0
166,Star Movies HD,http://content.osn.com/logo/channel/cropped/STM.png,http://www.osn.com,False,1,0.0,0.0
167,B4U Plus,http://content.osn.com/logo/channel/cropped/B4P.png,http://www.osn.com,False,1,0.0,0.0
168,NICKELODEON JUNIOR,,http://www.canalplus.com,False,1,0.0,0.0
169,PIWI+,,http://www.canalplus.com,False,1,0.0,0.0
170,DISNEY JUNIOR,,http://www.canalplus.com,False,1,0.0,0.0
171,OSN Ya Hala Al Oula,http://content.osn.com/logo/channel/cropped/OYH.png,http://www.osn.com,False,1,0.0,0.0
172,OSN Ya Hala,http://content.osn.com/logo/channel/cropped/OYA.png,http://www.osn.com,False,1,0.0,0.0
173,OSN Yahala Cinema,http://content.osn.com/logo/channel/cropped/OYC.png,http://www.osn.com,False,1,0.0,0.0
174,Series Channel,http://content.osn.com/logo/channel/cropped/SER.png,http://www.osn.com,False,1,0.0,0.0
175,Al Yawm,http://content.osn.com/logo/channel/cropped/YAW.png,http://www.osn.com,False,1,0.0,0.0
176,Al Safwa,http://content.osn.com/logo/channel/cropped/SAF.png,http://www.osn.com,False,1,0.0,0.0
177,Fann,http://content.osn.com/logo/channel/cropped/FAN.png,http://www.osn.com,False,1,0.0,0.0
178,Aksyon TV,http://content.osn.com/logo/channel/cropped/AKS.png,http://www.osn.com,False,1,0.0,0.0
179,Cine Mo,http://content.osn.com/logo/channel/cropped/CIN.png,http://www.osn.com,False,1,0.0,0.0
180,GMA Pinoy TV,http://content.osn.com/logo/channel/cropped/GMA.png,http://www.osn.com,False,1,0.0,0.0
181,Sky News Arabia,http://content.osn.com/logo/channel/cropped/SNA.png,http://www.osn.com,False,1,0.0,0.0
182,Sky News Arabia HD,http://content.osn.com/logo/channel/cropped/SNH.png,http://www.osn.com,False,1,0.0,0.0
183,Madani TV,http://content.osn.com/logo/channel/cropped/MDN.png,http://www.osn.com,False,1,0.0,0.0
184,NHK World TV,http://content.osn.com/logo/channel/cropped/NHK.png,http://www.osn.com,False,1,0.0,0.0
185,GMA Life TV,http://content.osn.com/logo/channel/cropped/GML.png,http://www.osn.com,False,1,0.0,0.0
186,GMA News TV,http://content.osn.com/logo/channel/cropped/GMN.png,http://www.osn.com,False,1,0.0,0.0
187,France 24 English,http://content.osn.com/logo/channel/cropped/FRE.png,http://www.osn.com,False,1,0.0,0.0
188,CGTN,http://content.osn.com/logo/channel/cropped/CT9.png,http://www.osn.com,False,1,0.0,0.0
189,OSN Living,http://content.osn.com/logo/channel/cropped/OLH.png,http://www.osn.com,False,1,0.0,0.0
190,OSN Mezze,http://content.osn.com/logo/channel/cropped/OMZ.png,http://www.osn.com,False,1,0.0,0.0
191,E! Entertainment HD,http://content.osn.com/logo/channel/cropped/ETV.png,http://www.osn.com,False,1,0.0,0.0
192,TLC HD,http://content.osn.com/logo/channel/cropped/TLC.png,http://www.osn.com,False,1,0.0,0.0
193,BOOMERANG,,http://www.canalplus.com,False,1,0.0,0.0
194,CARTOON NETWORK,,http://www.canalplus.com,False,1,0.0,0.0
195,NICKELODEON,,http://www.canalplus.com,False,1,0.0,0.0
196,NOVELAS TV,,http://www.canalplus.com,False,1,0.0,0.0
197,Imagine Movies,http://content.osn.com/logo/channel/cropped/IMA.png,http://www.osn.com,False,1,0.0,0.0
198,RMC Sport Live 11, https://tel.img.pmdstatic.net/fit/https.3A.2F.2Fprd2-tel-epg-img.2Es3-eu-west-1.2Eamazonaws.2Ecom.2Fchannel.2F01638d7c515f70f6.2Epng/80x80/quality/80/rmc-sport-live-11.png,http://www.programme-tv.net,False,1,0.0,0.0
199,W9,,http://www.canalplus.com,False,2,0.0,0.0
200,C8,,http://www.canalplus.com,False,2,0.0,0.0
201,BET,,http://www.canalplus.com,False,2,0.0,0.0
202,RTL9,,http://www.canalplus.com,False,1,0.0,0.0
203,PARIS PREMIERE,,http://www.canalplus.com,False,1,0.0,0.0
204,TEVA,,http://www.canalplus.com,False,1,0.0,0.0
205,TV BREIZH,,http://www.canalplus.com,False,1,0.0,0.0
206,AB1,,http://www.canalplus.com,False,1,0.0,0.0
207,J-ONE,,http://www.canalplus.com,False,1,0.0,0.0
208,NON STOP PEOPLE,,http://www.canalplus.com,False,1,0.0,0.0
209,TELETOON+,,http://www.canalplus.com,False,1,0.0,0.0
210,SERIE CLUB,,http://www.canalplus.com,False,1,0.0,0.0
211,WARNER TV,,http://www.canalplus.com,False,1,0.0,0.0
212,POLAR+,,http://www.canalplus.com,False,1,0.0,0.0
213,COMEDIE+,,http://www.canalplus.com,False,1,0.0,0.0
214,MTV HITS,,http://www.canalplus.com,False,1,0.0,0.0
215,GULLI,,http://www.canalplus.com,False,1,0.0,0.0
216,DISNEY CHANNEL,,http://www.canalplus.com,False,1,0.0,0.0
217,NICKELODEON TEEN,,http://www.canalplus.com,False,1,0.0,0.0
218,TOONAMI,,http://www.canalplus.com,False,1,0.0,0.0
219,BOING,,http://www.canalplus.com,False,1,0.0,0.0
220,CANAL J,,http://www.canalplus.com,False,1,0.0,0.0
221,RMC Sport Live 10, https://tel.img.pmdstatic.net/fit/https.3A.2F.2Fprd2-tel-epg-img.2Es3-eu-west-1.2Eamazonaws.2Ecom.2Fchannel.2F98c5b30613df6aea.2Epng/80x80/quality/80/rmc-sport-live-10.png,http://www.programme-tv.net,False,1,0.0,0.0
222,RMC Sport Live 16, https://tel.img.pmdstatic.net/fit/https.3A.2F.2Fprd2-tel-epg-img.2Es3-eu-west-1.2Eamazonaws.2Ecom.2Fchannel.2F2ef7b83b52ce3868.2Epng/80x80/quality/80/rmc-sport-live-16.png,http://www.programme-tv.net,False,1,0.0,0.0
223,RMC Sport Live 12, https://tel.img.pmdstatic.net/fit/https.3A.2F.2Fprd2-tel-epg-img.2Es3-eu-west-1.2Eamazonaws.2Ecom.2Fchannel.2F1631bca8634f60a0.2Epng/80x80/quality/80/rmc-sport-live-12.png,http://www.programme-tv.net,False,1,0.0,0.0
224,BBC 2, https://tel.img.pmdstatic.net/fit/https.3A.2F.2Fprd2-tel-epg-img.2Es3-eu-west-1.2Eamazonaws.2Ecom.2Fchannel.2Fad0352700baeaf3f.2Epng/80x80/quality/80/bbc-2.png,http://www.programme-tv.net,False,1,0.0,0.0
225,NPO2, https://tel.img.pmdstatic.net/fit/https.3A.2F.2Fprd2-tel-epg-img.2Es3-eu-west-1.2Eamazonaws.2Ecom.2Fchannel.2F063289e71c3e38ee.2Epng/80x80/quality/80/npo2.png,http://www.programme-tv.net,False,1,0.0,0.0
226,Canal+ Décalé, https://tel.img.pmdstatic.net/fit/https.3A.2F.2Fprd2-tel-epg-img.2Es3-eu-west-1.2Eamazonaws.2Ecom.2Fchannel.2F15b10c075329fc07.2Epng/80x80/quality/80/canalplus-decale.png,http://www.programme-tv.net,False,1,0.0,0.0
227,Ciné+ Premier, https://tel.img.pmdstatic.net/fit/https.3A.2F.2Fprd2-tel-epg-img.2Es3-eu-west-1.2Eamazonaws.2Ecom.2Fchannel.2Fd8a3318e23ffeb8b.2Epng/80x80/quality/80/cineplus-premier.png,http://www.programme-tv.net,False,1,0.0,0.0
228,NPO1, https://tel.img.pmdstatic.net/fit/https.3A.2F.2Fprd2-tel-epg-img.2Es3-eu-west-1.2Eamazonaws.2Ecom.2Fchannel.2F7f93bd97c88bebd1.2Epng/80x80/quality/80/npo1.png,http://www.programme-tv.net,False,1,0.0,0.0
229,Q2, https://tel.img.pmdstatic.net/fit/https.3A.2F.2Fprd2-tel-epg-img.2Es3-eu-west-1.2Eamazonaws.2Ecom.2Fchannel.2F5f1807e09b5f4010.2Epng/80x80/quality/80/vtm-2.png,http://www.programme-tv.net,False,1,0.0,0.0
230,VTM, https://tel.img.pmdstatic.net/fit/https.3A.2F.2Fprd2-tel-epg-img.2Es3-eu-west-1.2Eamazonaws.2Ecom.2Fchannel.2Fba4cfc2b7c18f751.2Epng/80x80/quality/80/vtm.png,http://www.programme-tv.net,False,1,0.0,0.0
231,Ciné+ Frisson, https://tel.img.pmdstatic.net/fit/https.3A.2F.2Fprd2-tel-epg-img.2Es3-eu-west-1.2Eamazonaws.2Ecom.2Fchannel.2F570227bb14b0191d.2Epng/80x80/quality/80/cineplus-frisson.png,http://www.programme-tv.net,False,1,0.0,0.0
232,Vitaya, https://tel.img.pmdstatic.net/fit/https.3A.2F.2Fprd2-tel-epg-img.2Es3-eu-west-1.2Eamazonaws.2Ecom.2Fchannel.2Feba0d7eef1f4cf99.2Epng/80x80/quality/80/vtm-3.png,http://www.programme-tv.net,False,1,0.0,0.0
233,Vijf, https://tel.img.pmdstatic.net/fit/https.3A.2F.2Fprd2-tel-epg-img.2Es3-eu-west-1.2Eamazonaws.2Ecom.2Fchannel.2F6dc829f8b71d6ca9.2Epng/80x80/quality/80/vijf.png,http://www.programme-tv.net,False,1,0.0,0.0
234,Vier, https://tel.img.pmdstatic.net/fit/https.3A.2F.2Fprd2-tel-epg-img.2Es3-eu-west-1.2Eamazonaws.2Ecom.2Fchannel.2F022ba0a9025f1e2d.2Epng/80x80/quality/80/vier.png,http://www.programme-tv.net,False,1,0.0,0.0
235,Ciné+ Emotion, https://tel.img.pmdstatic.net/fit/https.3A.2F.2Fprd2-tel-epg-img.2Es3-eu-west-1.2Eamazonaws.2Ecom.2Fchannel.2F9a35faead03a74fe.2Epng/80x80/quality/80/cineplus-emotion.png,http://www.programme-tv.net,False,1,0.0,0.0
236,Canvas, https://tel.img.pmdstatic.net/fit/https.3A.2F.2Fprd2-tel-epg-img.2Es3-eu-west-1.2Eamazonaws.2Ecom.2Fchannel.2F2269e109f11ac6c6.2Epng/80x80/quality/80/canvas.png,http://www.programme-tv.net,False,1,0.0,0.0
237,Ciné+ Famiz, https://tel.img.pmdstatic.net/fit/https.3A.2F.2Fprd2-tel-epg-img.2Es3-eu-west-1.2Eamazonaws.2Ecom.2Fchannel.2F4b77c1cbc90457d3.2Epng/80x80/quality/80/cineplus-famiz.png,http://www.programme-tv.net,False,1,0.0,0.0
238,één, https://tel.img.pmdstatic.net/fit/https.3A.2F.2Fprd2-tel-epg-img.2Es3-eu-west-1.2Eamazonaws.2Ecom.2Fchannel.2F1bbaf6e99512df7c.2Epng/80x80/quality/80/een.png,http://www.programme-tv.net,False,1,0.0,0.0
239,Canal Z, https://tel.img.pmdstatic.net/fit/https.3A.2F.2Fprd2-tel-epg-img.2Es3-eu-west-1.2Eamazonaws.2Ecom.2Fchannel.2F4e446d2750aa7511.2Epng/80x80/quality/80/canal-z.png,http://www.programme-tv.net,False,1,0.0,0.0
240,ABXPLORE, https://tel.img.pmdstatic.net/fit/https.3A.2F.2Fprd2-tel-epg-img.2Es3-eu-west-1.2Eamazonaws.2Ecom.2Fchannel.2F424c732707011a90.2Epng/80x80/quality/80/abxplore.png,http://www.programme-tv.net,False,1,0.0,0.0
241,Stingray Festival 4K, https://tel.img.pmdstatic.net/fit/https.3A.2F.2Fprd2-tel-epg-img.2Es3-eu-west-1.2Eamazonaws.2Ecom.2Fchannel.2Fe310e4fbe0f81e94.2Epng/80x80/quality/80/stingray-festival-4k.png,http://www.programme-tv.net,False,1,0.0,0.0
242,Disney Channel Wallonia, https://tel.img.pmdstatic.net/fit/https.3A.2F.2Fprd2-tel-epg-img.2Es3-eu-west-1.2Eamazonaws.2Ecom.2Fchannel.2F2d9ffae25505b579.2Epng/80x80/quality/80/disney-channel-wallonia.png,http://www.programme-tv.net,False,1,0.0,0.0
243,Ciné+ Club, https://tel.img.pmdstatic.net/fit/https.3A.2F.2Fprd2-tel-epg-img.2Es3-eu-west-1.2Eamazonaws.2Ecom.2Fchannel.2F39127e637b1861c5.2Epng/80x80/quality/80/cineplus-club.png,http://www.programme-tv.net,False,1,0.0,0.0
244,Nickelodéon Wallonia, https://tel.img.pmdstatic.net/fit/https.3A.2F.2Fprd2-tel-epg-img.2Es3-eu-west-1.2Eamazonaws.2Ecom.2Fchannel.2F6de70f730dc79fc7.2Epng/80x80/quality/80/nickelodeon-wallonia.png,http://www.programme-tv.net,False,1,0.0,0.0
245,Ciné+ Classic, https://tel.img.pmdstatic.net/fit/https.3A.2F.2Fprd2-tel-epg-img.2Es3-eu-west-1.2Eamazonaws.2Ecom.2Fchannel.2Fd3839b5268e52c9c.2Epng/80x80/quality/80/cineplus-classic.png,http://www.programme-tv.net,False,1,0.0,0.0
246,OCS Max, https://tel.img.pmdstatic.net/fit/https.3A.2F.2Fprd2-tel-epg-img.2Es3-eu-west-1.2Eamazonaws.2Ecom.2Fchannel.2Feb24a2eeb8365e38.2Epng/80x80/quality/80/ocs-max.png,http://www.programme-tv.net,False,1,0.0,0.0
247,OCS City, https://tel.img.pmdstatic.net/fit/https.3A.2F.2Fprd2-tel-epg-img.2Es3-eu-west-1.2Eamazonaws.2Ecom.2Fchannel.2Fc94d913eb9670b5f.2Epng/80x80/quality/80/ocs-city.png,http://www.programme-tv.net,False,1,0.0,0.0
248,OCS Choc, https://tel.img.pmdstatic.net/fit/https.3A.2F.2Fprd2-tel-epg-img.2Es3-eu-west-1.2Eamazonaws.2Ecom.2Fchannel.2Ff552540602aabeec.2Epng/80x80/quality/80/ocs-choc.png,http://www.programme-tv.net,False,1,0.0,0.0
249,OCS Géants, https://tel.img.pmdstatic.net/fit/https.3A.2F.2Fprd2-tel-epg-img.2Es3-eu-west-1.2Eamazonaws.2Ecom.2Fchannel.2F875bfc2e935736d1.2Epng/80x80/quality/80/ocs-geants.png,http://www.programme-tv.net,False,1,0.0,0.0
250,BBC 1, https://tel.img.pmdstatic.net/fit/https.3A.2F.2Fprd2-tel-epg-img.2Es3-eu-west-1.2Eamazonaws.2Ecom.2Fchannel.2F63311be4004f9b5b.2Epng/80x80/quality/80/bbc-1.png,http://www.programme-tv.net,False,1,0.0,0.0
251,Crime District, https://tel.img.pmdstatic.net/fit/https.3A.2F.2Fprd2-tel-epg-img.2Es3-eu-west-1.2Eamazonaws.2Ecom.2Fchannel.2Fd25233efc61db492.2Epng/80x80/quality/80/crime-district.png,http://www.programme-tv.net,False,1,0.0,0.0
252,RMC Sport Live 13, https://tel.img.pmdstatic.net/fit/https.3A.2F.2Fprd2-tel-epg-img.2Es3-eu-west-1.2Eamazonaws.2Ecom.2Fchannel.2Ffe7248cb701f3577.2Epng/80x80/quality/80/rmc-sport-live-13.png,http://www.programme-tv.net,False,1,0.0,0.0
253,Demain TV, https://tel.img.pmdstatic.net/fit/https.3A.2F.2Fprd2-tel-epg-img.2Es3-eu-west-1.2Eamazonaws.2Ecom.2Fchannel.2F9c09acf403944c8b.2Epng/80x80/quality/80/demain-tv.png,http://www.programme-tv.net,False,1,0.0,0.0
254,Franceinfo, https://tel.img.pmdstatic.net/fit/https.3A.2F.2Fprd2-tel-epg-img.2Es3-eu-west-1.2Eamazonaws.2Ecom.2Fchannel.2Fabd3aebf3492c987.2Epng/80x80/quality/80/franceinfo.png,http://www.programme-tv.net,False,1,0.0,0.0
255,LCI - La Chaîne Info, https://tel.img.pmdstatic.net/fit/https.3A.2F.2Fprd2-tel-epg-img.2Es3-eu-west-1.2Eamazonaws.2Ecom.2Fchannel.2Fb7057425ea4f3588.2Epng/80x80/quality/80/lci-la-chaine-info.png,http://www.programme-tv.net,False,1,0.0,0.0
256,Chérie 25, https://tel.img.pmdstatic.net/fit/https.3A.2F.2Fprd2-tel-epg-img.2Es3-eu-west-1.2Eamazonaws.2Ecom.2Fchannel.2F9d4114da7a09a67c.2Epng/80x80/quality/80/cherie-25.png,http://www.programme-tv.net,False,1,0.0,0.0
257,RMC Découverte, https://tel.img.pmdstatic.net/fit/https.3A.2F.2Fprd2-tel-epg-img.2Es3-eu-west-1.2Eamazonaws.2Ecom.2Fchannel.2Fc0a70d5252d92e35.2Epng/80x80/quality/80/rmc-decouverte.png,http://www.programme-tv.net,False,1,0.0,0.0
258,RMC Story, https://tel.img.pmdstatic.net/fit/https.3A.2F.2Fprd2-tel-epg-img.2Es3-eu-west-1.2Eamazonaws.2Ecom.2Fchannel.2Fc03f335ed4a617cf.2Epng/80x80/quality/80/rmc-story.png,http://www.programme-tv.net,False,1,0.0,0.0
259,6ter, https://tel.img.pmdstatic.net/fit/https.3A.2F.2Fprd2-tel-epg-img.2Es3-eu-west-1.2Eamazonaws.2Ecom.2Fchannel.2Fc725b764ba46a6be.2Epng/80x80/quality/80/6ter.png,http://www.programme-tv.net,False,1,0.0,0.0
260,Canal+ Cinéma, https://tel.img.pmdstatic.net/fit/https.3A.2F.2Fprd2-tel-epg-img.2Es3-eu-west-1.2Eamazonaws.2Ecom.2Fchannel.2F5abb36091f96c498.2Epng/80x80/quality/80/canalplus-cinema.png,http://www.programme-tv.net,False,1,0.0,0.0
261,TF1 Séries Films, https://tel.img.pmdstatic.net/fit/https.3A.2F.2Fprd2-tel-epg-img.2Es3-eu-west-1.2Eamazonaws.2Ecom.2Fchannel.2F46f3e379846cd4c3.2Epng/80x80/quality/80/tf1-series-films.png,http://www.programme-tv.net,False,1,0.0,0.0
262,Planète+, https://tel.img.pmdstatic.net/fit/https.3A.2F.2Fprd2-tel-epg-img.2Es3-eu-west-1.2Eamazonaws.2Ecom.2Fchannel.2F9455c92a2b44a111.2Epng/80x80/quality/80/planeteplus.png,http://www.programme-tv.net,False,1,0.0,0.0
263,Canal+ Séries, https://tel.img.pmdstatic.net/fit/https.3A.2F.2Fprd2-tel-epg-img.2Es3-eu-west-1.2Eamazonaws.2Ecom.2Fchannel.2F5e708cf5c8d6a14b.2Epng/80x80/quality/80/canalplus-series.png,http://www.programme-tv.net,False,1,0.0,0.0
264,Gulli, https://tel.img.pmdstatic.net/fit/https.3A.2F.2Fprd2-tel-epg-img.2Es3-eu-west-1.2Eamazonaws.2Ecom.2Fchannel.2Fef660dc09c117f2d.2Epng/80x80/quality/80/gulli.png,http://www.programme-tv.net,False,1,0.0,0.0
265,BFMTV, https://tel.img.pmdstatic.net/fit/https.3A.2F.2Fprd2-tel-epg-img.2Es3-eu-west-1.2Eamazonaws.2Ecom.2Fchannel.2F4c2cbb5f3d06de92.2Epng/80x80/quality/80/bfmtv.png,http://www.programme-tv.net,False,1,0.0,0.0
266,France 4, https://tel.img.pmdstatic.net/fit/https.3A.2F.2Fprd2-tel-epg-img.2Es3-eu-west-1.2Eamazonaws.2Ecom.2Fchannel.2F488cba3e1cef1be4.2Epng/80x80/quality/80/france-4.png,http://www.programme-tv.net,False,1,0.0,0.0
267,La Chaîne parlementaire, https://tel.img.pmdstatic.net/fit/https.3A.2F.2Fprd2-tel-epg-img.2Es3-eu-west-1.2Eamazonaws.2Ecom.2Fchannel.2Fc5a00219b61629a7.2Epng/80x80/quality/80/la-chaine-parlementaire.png,http://www.programme-tv.net,False,1,0.0,0.0
268,Arte, https://tel.img.pmdstatic.net/fit/https.3A.2F.2Fprd2-tel-epg-img.2Es3-eu-west-1.2Eamazonaws.2Ecom.2Fchannel.2F18478e28976454fd.2Epng/80x80/quality/80/arte.png,http://www.programme-tv.net,False,1,0.0,0.0
269,M6, https://tel.img.pmdstatic.net/fit/https.3A.2F.2Fprd2-tel-epg-img.2Es3-eu-west-1.2Eamazonaws.2Ecom.2Fchannel.2F49017576b41883ab.2Epng/80x80/quality/80/m6.png,http://www.programme-tv.net,False,1,0.0,0.0
270,France 5, https://tel.img.pmdstatic.net/fit/https.3A.2F.2Fprd2-tel-epg-img.2Es3-eu-west-1.2Eamazonaws.2Ecom.2Fchannel.2Faf12e1ce6986fe5c.2Epng/80x80/quality/80/france-5.png,http://www.programme-tv.net,False,1,0.0,0.0
271,Canal+, https://tel.img.pmdstatic.net/fit/https.3A.2F.2Fprd2-tel-epg-img.2Es3-eu-west-1.2Eamazonaws.2Ecom.2Fchannel.2Fb0c0c51d27e6d775.2Epng/80x80/quality/80/canalplus.png,http://www.programme-tv.net,False,1,0.0,0.0
272,France 3, https://tel.img.pmdstatic.net/fit/https.3A.2F.2Fprd2-tel-epg-img.2Es3-eu-west-1.2Eamazonaws.2Ecom.2Fchannel.2F3c2179ea0278ccbd.2Epng/80x80/quality/80/france-3.png,http://www.programme-tv.net,False,1,0.0,0.0
273,France 2, https://tel.img.pmdstatic.net/fit/https.3A.2F.2Fprd2-tel-epg-img.2Es3-eu-west-1.2Eamazonaws.2Ecom.2Fchannel.2Ff8d706fb87d754d7.2Epng/80x80/quality/80/france-2.png,http://www.programme-tv.net,False,1,0.0,0.0
274,TF1, https://tel.img.pmdstatic.net/fit/https.3A.2F.2Fprd2-tel-epg-img.2Es3-eu-west-1.2Eamazonaws.2Ecom.2Fchannel.2F3efb536705d5f6ae.2Epng/80x80/quality/80/tf1.png,http://www.programme-tv.net,False,1,0.0,0.0
275,Ketnet, https://tel.img.pmdstatic.net/fit/https.3A.2F.2Fprd2-tel-epg-img.2Es3-eu-west-1.2Eamazonaws.2Ecom.2Fchannel.2F63e056c0680c8f63.2Epng/80x80/quality/80/ketnet.png,http://www.programme-tv.net,False,1,0.0,0.0
276,Acht, https://tel.img.pmdstatic.net/fit/https.3A.2F.2Fprd2-tel-epg-img.2Es3-eu-west-1.2Eamazonaws.2Ecom.2Fchannel.2Fec275becca86dafd.2Epng/80x80/quality/80/vtm-4.png,http://www.programme-tv.net,False,1,0.0,0.0
277,LCP 100%, https://tel.img.pmdstatic.net/fit/https.3A.2F.2Fprd2-tel-epg-img.2Es3-eu-west-1.2Eamazonaws.2Ecom.2Fchannel.2F7fca0dd41181ccdd.2Epng/80x80/quality/80/lcp-100.png,http://www.programme-tv.net,False,1,0.0,0.0
278,Canal+ Family, https://tel.img.pmdstatic.net/fit/https.3A.2F.2Fprd2-tel-epg-img.2Es3-eu-west-1.2Eamazonaws.2Ecom.2Fchannel.2F51658864e65a3fe8.2Epng/80x80/quality/80/canalplus-family.png,http://www.programme-tv.net,False,1,0.0,0.0
279,TCM Cinéma, https://tel.img.pmdstatic.net/fit/https.3A.2F.2Fprd2-tel-epg-img.2Es3-eu-west-1.2Eamazonaws.2Ecom.2Fchannel.2F14da18c0fb084797.2Epng/80x80/quality/80/tcm-cinema.png,http://www.programme-tv.net,False,1,0.0,0.0
280,Paramount Channel, https://tel.img.pmdstatic.net/fit/https.3A.2F.2Fprd2-tel-epg-img.2Es3-eu-west-1.2Eamazonaws.2Ecom.2Fchannel.2F316d904a1dd84060.2Epng/80x80/quality/80/paramount-channel.png,http://www.programme-tv.net,False,1,0.0,0.0
281,Action, https://tel.img.pmdstatic.net/fit/https.3A.2F.2Fprd2-tel-epg-img.2Es3-eu-west-1.2Eamazonaws.2Ecom.2Fchannel.2Ffb0780e7e12868f2.2Epng/80x80/quality/80/action.png,http://www.programme-tv.net,False,1,0.0,0.0
282,Nautical Channel, https://tel.img.pmdstatic.net/fit/https.3A.2F.2Fprd2-tel-epg-img.2Es3-eu-west-1.2Eamazonaws.2Ecom.2Fchannel.2Fc53b3715a9c32697.2Epng/80x80/quality/80/nautical-channel.png,http://www.programme-tv.net,False,1,0.0,0.0
283,Baby TV, https://tel.img.pmdstatic.net/fit/https.3A.2F.2Fprd2-tel-epg-img.2Es3-eu-west-1.2Eamazonaws.2Ecom.2Fchannel.2Fd7fcb11de7625964.2Epng/80x80/quality/80/baby-tv.png,http://www.programme-tv.net,False,1,0.0,0.0
284,Fashion TV, https://tel.img.pmdstatic.net/fit/https.3A.2F.2Fprd2-tel-epg-img.2Es3-eu-west-1.2Eamazonaws.2Ecom.2Fchannel.2Fa45b35936e45d4f9.2Epng/80x80/quality/80/fashion-tv.png,http://www.programme-tv.net,False,1,0.0,0.0
285,Eurochannel, https://tel.img.pmdstatic.net/fit/https.3A.2F.2Fprd2-tel-epg-img.2Es3-eu-west-1.2Eamazonaws.2Ecom.2Fchannel.2Fc435d451d205ec46.2Epng/80x80/quality/80/eurochannel.png,http://www.programme-tv.net,False,1,0.0,0.0
286,TRACE Sport Stars, https://tel.img.pmdstatic.net/fit/https.3A.2F.2Fprd2-tel-epg-img.2Es3-eu-west-1.2Eamazonaws.2Ecom.2Fchannel.2F6a53f8b8d2c02d57.2Epng/80x80/quality/80/trace-sport-stars.png,http://www.programme-tv.net,False,1,0.0,0.0
287,Golf Channel, https://tel.img.pmdstatic.net/fit/https.3A.2F.2Fprd2-tel-epg-img.2Es3-eu-west-1.2Eamazonaws.2Ecom.2Fchannel.2F84167f30240b559b.2Epng/80x80/quality/80/golf-channel.png,http://www.programme-tv.net,False,1,0.0,0.0
288,RMC Sport Access 3, https://tel.img.pmdstatic.net/fit/https.3A.2F.2Fprd2-tel-epg-img.2Es3-eu-west-1.2Eamazonaws.2Ecom.2Fchannel.2Fd34e3edeef0c209f.2Epng/80x80/quality/80/rmc-sport-access-3.png,http://www.programme-tv.net,False,1,0.0,0.0
289,RMC Sport Access 2, https://tel.img.pmdstatic.net/fit/https.3A.2F.2Fprd2-tel-epg-img.2Es3-eu-west-1.2Eamazonaws.2Ecom.2Fchannel.2F80fe219d046f3d16.2Epng/80x80/quality/80/rmc-sport-access-2.png,http://www.programme-tv.net,False,1,0.0,0.0
290,RMC Sport Access 1, https://tel.img.pmdstatic.net/fit/https.3A.2F.2Fprd2-tel-epg-img.2Es3-eu-west-1.2Eamazonaws.2Ecom.2Fchannel.2F888e30e1f42d209f.2Epng/80x80/quality/80/rmc-sport-access-1.png,http://www.programme-tv.net,False,1,0.0,0.0
291,Syfy, https://tel.img.pmdstatic.net/fit/https.3A.2F.2Fprd2-tel-epg-img.2Es3-eu-west-1.2Eamazonaws.2Ecom.2Fchannel.2F8899b478e76fcf01.2Epng/80x80/quality/80/syfy.png,http://www.programme-tv.net,False,1,0.0,0.0
292,13eme RUE, https://tel.img.pmdstatic.net/fit/https.3A.2F.2Fprd2-tel-epg-img.2Es3-eu-west-1.2Eamazonaws.2Ecom.2Fchannel.2F19287f4e6f342437.2Epng/80x80/quality/80/13eme-rue.png,http://www.programme-tv.net,False,1,0.0,0.0
293,AB 1, https://tel.img.pmdstatic.net/fit/https.3A.2F.2Fprd2-tel-epg-img.2Es3-eu-west-1.2Eamazonaws.2Ecom.2Fchannel.2Fe23a6def410fa2d0.2Epng/80x80/quality/80/ab-1.png,http://www.programme-tv.net,False,1,0.0,0.0
294,Discovery Family, https://tel.img.pmdstatic.net/fit/https.3A.2F.2Fprd2-tel-epg-img.2Es3-eu-west-1.2Eamazonaws.2Ecom.2Fchannel.2F53474ebd43199156.2Epng/80x80/quality/80/discovery-family.png,http://www.programme-tv.net,False,1,0.0,0.0
295,BFM Paris, https://tel.img.pmdstatic.net/fit/https.3A.2F.2Fprd2-tel-epg-img.2Es3-eu-west-1.2Eamazonaws.2Ecom.2Fchannel.2Fcfad56f8972ea36a.2Epng/80x80/quality/80/bfm-paris.png,http://www.programme-tv.net,False,1,0.0,0.0
296,Altice Studio, https://tel.img.pmdstatic.net/fit/https.3A.2F.2Fprd2-tel-epg-img.2Es3-eu-west-1.2Eamazonaws.2Ecom.2Fchannel.2Fe1b7413d4669c299.2Epng/80x80/quality/80/altice-studio.png,http://www.programme-tv.net,False,1,0.0,0.0
297,RMC Sport 1 UHD, https://tel.img.pmdstatic.net/fit/https.3A.2F.2Fprd2-tel-epg-img.2Es3-eu-west-1.2Eamazonaws.2Ecom.2Fchannel.2F885b56457e821e22.2Epng/80x80/quality/80/rmc-sport-1-uhd.png,http://www.programme-tv.net,False,1,0.0,0.0
298,ARD, https://tel.img.pmdstatic.net/fit/https.3A.2F.2Fprd2-tel-epg-img.2Es3-eu-west-1.2Eamazonaws.2Ecom.2Fchannel.2Fc5541ae9c4596240.2Epng/80x80/quality/80/das-erste.png,http://www.programme-tv.net,False,1,0.0,0.0
299,RTL Télévision, https://tel.img.pmdstatic.net/fit/https.3A.2F.2Fprd2-tel-epg-img.2Es3-eu-west-1.2Eamazonaws.2Ecom.2Fchannel.2F3135b0469ad03e18.2Epng/80x80/quality/80/rtl-television.png,http://www.programme-tv.net,False,1,0.0,0.0
300,TvBreizh, https://tel.img.pmdstatic.net/fit/https.3A.2F.2Fprd2-tel-epg-img.2Es3-eu-west-1.2Eamazonaws.2Ecom.2Fchannel.2F899e7b1aa2f350e2.2Epng/80x80/quality/80/tvbreizh.png,http://www.programme-tv.net,False,1,0.0,0.0
301,TVE, https://tel.img.pmdstatic.net/fit/https.3A.2F.2Fprd2-tel-epg-img.2Es3-eu-west-1.2Eamazonaws.2Ecom.2Fchannel.2F185a2b5c6b737613.2Epng/80x80/quality/80/tve.png,http://www.programme-tv.net,False,1,0.0,0.0
302,RTPI, https://tel.img.pmdstatic.net/fit/https.3A.2F.2Fprd2-tel-epg-img.2Es3-eu-west-1.2Eamazonaws.2Ecom.2Fchannel.2Fdfabbd445038b6a6.2Epng/80x80/quality/80/rtpi.png,http://www.programme-tv.net,False,1,0.0,0.0
303,Téva, https://tel.img.pmdstatic.net/fit/https.3A.2F.2Fprd2-tel-epg-img.2Es3-eu-west-1.2Eamazonaws.2Ecom.2Fchannel.2F0989fcee33a19a8f.2Epng/80x80/quality/80/teva.png,http://www.programme-tv.net,False,1,0.0,0.0
304,France 3 Corse Via Stella, https://tel.img.pmdstatic.net/fit/https.3A.2F.2Fprd2-tel-epg-img.2Es3-eu-west-1.2Eamazonaws.2Ecom.2Fchannel.2Fbf71d119cb9019ac.2Epng/80x80/quality/80/france-3-corse-via-stella.png,http://www.programme-tv.net,False,1,0.0,0.0
305,Paris Première, https://tel.img.pmdstatic.net/fit/https.3A.2F.2Fprd2-tel-epg-img.2Es3-eu-west-1.2Eamazonaws.2Ecom.2Fchannel.2F287cb709d2aadbfa.2Epng/80x80/quality/80/paris-premiere.png,http://www.programme-tv.net,False,1,0.0,0.0
306,RMC Sport Live 15, https://tel.img.pmdstatic.net/fit/https.3A.2F.2Fprd2-tel-epg-img.2Es3-eu-west-1.2Eamazonaws.2Ecom.2Fchannel.2Fed0b2091049858de.2Epng/80x80/quality/80/rmc-sport-live-15.png,http://www.programme-tv.net,False,1,0.0,0.0
307,RMC Sport Live 14, https://tel.img.pmdstatic.net/fit/https.3A.2F.2Fprd2-tel-epg-img.2Es3-eu-west-1.2Eamazonaws.2Ecom.2Fchannel.2F02e4d0b784c97af2.2Epng/80x80/quality/80/rmc-sport-live-14.png,http://www.programme-tv.net,False,1,0.0,0.0
308,Gong, https://tel.img.pmdstatic.net/fit/https.3A.2F.2Fprd2-tel-epg-img.2Es3-eu-west-1.2Eamazonaws.2Ecom.2Fchannel.2F64ca2a6596181a83.2Epng/80x80/quality/80/gong.png,http://www.programme-tv.net,False,1,0.0,0.0
309,Gong Max, https://tel.img.pmdstatic.net/fit/https.3A.2F.2Fprd2-tel-epg-img.2Es3-eu-west-1.2Eamazonaws.2Ecom.2Fchannel.2F85928428309fc26f.2Epng/80x80/quality/80/gong-max.png,http://www.programme-tv.net,False,1,0.0,0.0
310,Ginx, https://tel.img.pmdstatic.net/fit/https.3A.2F.2Fprd2-tel-epg-img.2Es3-eu-west-1.2Eamazonaws.2Ecom.2Fchannel.2F94190555ba68f75b.2Epng/80x80/quality/80/ginx.png,http://www.programme-tv.net,False,1,0.0,0.0
311,B.One, https://tel.img.pmdstatic.net/fit/https.3A.2F.2Fprd2-tel-epg-img.2Es3-eu-west-1.2Eamazonaws.2Ecom.2Fchannel.2Fe87b13ffcd02d3aa.2Epng/80x80/quality/80/b-one.png,http://www.programme-tv.net,False,1,0.0,0.0
312,Comédie+, https://tel.img.pmdstatic.net/fit/https.3A.2F.2Fprd2-tel-epg-img.2Es3-eu-west-1.2Eamazonaws.2Ecom.2Fchannel.2Fd30e1122007fd2c0.2Epng/80x80/quality/80/comedieplus.png,http://www.programme-tv.net,False,1,0.0,0.0
313,Polar+, https://tel.img.pmdstatic.net/fit/https.3A.2F.2Fprd2-tel-epg-img.2Es3-eu-west-1.2Eamazonaws.2Ecom.2Fchannel.2F2d170eaf9e8c3645.2Epng/80x80/quality/80/polarplus.png,http://www.programme-tv.net,False,1,0.0,0.0
314,Warner TV, https://tel.img.pmdstatic.net/fit/https.3A.2F.2Fprd2-tel-epg-img.2Es3-eu-west-1.2Eamazonaws.2Ecom.2Fchannel.2F5c29cfabaad8a767.2Epng/80x80/quality/80/warner-tv.png,http://www.programme-tv.net,False,1,0.0,0.0
315,serieclub, https://tel.img.pmdstatic.net/fit/https.3A.2F.2Fprd2-tel-epg-img.2Es3-eu-west-1.2Eamazonaws.2Ecom.2Fchannel.2Ff05b792ea1d2e42d.2Epng/80x80/quality/80/serieclub.png,http://www.programme-tv.net,False,1,0.0,0.0
316,Non Stop People HD, https://tel.img.pmdstatic.net/fit/https.3A.2F.2Fprd2-tel-epg-img.2Es3-eu-west-1.2Eamazonaws.2Ecom.2Fchannel.2F96f6b4eea610eb0c.2Epng/80x80/quality/80/non-stop-people-hd.png,http://www.programme-tv.net,False,1,0.0,0.0
317,Novelas TV, https://tel.img.pmdstatic.net/fit/https.3A.2F.2Fprd2-tel-epg-img.2Es3-eu-west-1.2Eamazonaws.2Ecom.2Fchannel.2Fe7e677ccf5a1339c.2Epng/80x80/quality/80/novelas-tv.png,http://www.programme-tv.net,False,1,0.0,0.0
318,Game One, https://tel.img.pmdstatic.net/fit/https.3A.2F.2Fprd2-tel-epg-img.2Es3-eu-west-1.2Eamazonaws.2Ecom.2Fchannel.2F9c8779525e7b421b.2Epng/80x80/quality/80/game-one.png,http://www.programme-tv.net,False,1,0.0,0.0
319,Plug RTL, https://tel.img.pmdstatic.net/fit/https.3A.2F.2Fprd2-tel-epg-img.2Es3-eu-west-1.2Eamazonaws.2Ecom.2Fchannel.2F1e84f9ad032bf7b8.2Epng/80x80/quality/80/plug-rtl.png,http://www.programme-tv.net,False,1,0.0,0.0
320,Club RTL, https://tel.img.pmdstatic.net/fit/https.3A.2F.2Fprd2-tel-epg-img.2Es3-eu-west-1.2Eamazonaws.2Ecom.2Fchannel.2F9c4ce5e7b9031409.2Epng/80x80/quality/80/club-rtl.png,http://www.programme-tv.net,False,1,0.0,0.0
321,RTL TVI, https://tel.img.pmdstatic.net/fit/https.3A.2F.2Fprd2-tel-epg-img.2Es3-eu-west-1.2Eamazonaws.2Ecom.2Fchannel.2F39a44640abab5eba.2Epng/80x80/quality/80/rtl-tvi.png,http://www.programme-tv.net,False,1,0.0,0.0
322,Gospel Music TV, https://tel.img.pmdstatic.net/fit/https.3A.2F.2Fprd2-tel-epg-img.2Es3-eu-west-1.2Eamazonaws.2Ecom.2Fchannel.2F8d58cd3ce94e9ae8.2Epng/80x80/quality/80/gospel-music-tv.png,http://www.programme-tv.net,False,1,0.0,0.0
323,J-One, https://tel.img.pmdstatic.net/fit/https.3A.2F.2Fprd2-tel-epg-img.2Es3-eu-west-1.2Eamazonaws.2Ecom.2Fchannel.2F3e84665276607ddd.2Epng/80x80/quality/80/j-one.png,http://www.programme-tv.net,False,1,0.0,0.0
324,MTV Hits, https://tel.img.pmdstatic.net/fit/https.3A.2F.2Fprd2-tel-epg-img.2Es3-eu-west-1.2Eamazonaws.2Ecom.2Fchannel.2Fec6749972ec326c6.2Epng/80x80/quality/80/mtv-hits.png,http://www.programme-tv.net,False,1,0.0,0.0
325,RTS Deux, https://tel.img.pmdstatic.net/fit/https.3A.2F.2Fprd2-tel-epg-img.2Es3-eu-west-1.2Eamazonaws.2Ecom.2Fchannel.2F2f3a92c7c270c917.2Epng/80x80/quality/80/rts-deux.png,http://www.programme-tv.net,False,1,0.0,0.0
326,RTS Un, https://tel.img.pmdstatic.net/fit/https.3A.2F.2Fprd2-tel-epg-img.2Es3-eu-west-1.2Eamazonaws.2Ecom.2Fchannel.2F10cd9b646218569e.2Epng/80x80/quality/80/rts-un.png,http://www.programme-tv.net,False,1,0.0,0.0
327,ZDF, https://tel.img.pmdstatic.net/fit/https.3A.2F.2Fprd2-tel-epg-img.2Es3-eu-west-1.2Eamazonaws.2Ecom.2Fchannel.2F570f45b1a1e5d670.2Epng/80x80/quality/80/zdf.png,http://www.programme-tv.net,False,1,0.0,0.0
328,SWR, https://tel.img.pmdstatic.net/fit/https.3A.2F.2Fprd2-tel-epg-img.2Es3-eu-west-1.2Eamazonaws.2Ecom.2Fchannel.2Fc37c9fe79b51fa5e.2Epng/80x80/quality/80/swr.png,http://www.programme-tv.net,False,1,0.0,0.0
329,BBC Entertainment, https://tel.img.pmdstatic.net/fit/https.3A.2F.2Fprd2-tel-epg-img.2Es3-eu-west-1.2Eamazonaws.2Ecom.2Fchannel.2F8e063482fc53e822.2Epng/80x80/quality/80/bbc-entertainment.png,http://www.programme-tv.net,False,1,0.0,0.0
330,Mangas, https://tel.img.pmdstatic.net/fit/https.3A.2F.2Fprd2-tel-epg-img.2Es3-eu-west-1.2Eamazonaws.2Ecom.2Fchannel.2F33f6b35dccc9fb40.2Epng/80x80/quality/80/mangas.png,http://www.programme-tv.net,False,1,0.0,0.0
331,Rai Uno, https://tel.img.pmdstatic.net/fit/https.3A.2F.2Fprd2-tel-epg-img.2Es3-eu-west-1.2Eamazonaws.2Ecom.2Fchannel.2F4ebc2b0a45a6200d.2Epng/80x80/quality/80/rai-uno.png,http://www.programme-tv.net,False,1,0.0,0.0
332,Stingray i-Concerts, https://tel.img.pmdstatic.net/fit/https.3A.2F.2Fprd2-tel-epg-img.2Es3-eu-west-1.2Eamazonaws.2Ecom.2Fchannel.2Fb981ac36a710cf68.2Epng/80x80/quality/80/stingray-i-concerts.png,http://www.programme-tv.net,False,1,0.0,0.0
333,VH1 Classic, https://tel.img.pmdstatic.net/fit/https.3A.2F.2Fprd2-tel-epg-img.2Es3-eu-west-1.2Eamazonaws.2Ecom.2Fchannel.2F8972fd386a1a3239.2Epng/80x80/quality/80/vh1-classic.png,http://www.programme-tv.net,False,1,0.0,0.0
334,BBlack, https://tel.img.pmdstatic.net/fit/https.3A.2F.2Fprd2-tel-epg-img.2Es3-eu-west-1.2Eamazonaws.2Ecom.2Fchannel.2Fe54de61aabadc8c3.2Epng/80x80/quality/80/bblack.png,http://www.programme-tv.net,False,1,0.0,0.0
335,Trace Tropical, https://tel.img.pmdstatic.net/fit/https.3A.2F.2Fprd2-tel-epg-img.2Es3-eu-west-1.2Eamazonaws.2Ecom.2Fchannel.2F6fbee5e42de8b07f.2Epng/80x80/quality/80/trace-tropical.png,http://www.programme-tv.net,False,1,0.0,0.0
336,Star World HD,http://content.osn.com/logo/channel/cropped/STW.png,http://www.osn.com,False,1,0.0,0.0
337,OSN Movies First,http://content.osn.com/logo/channel/cropped/OM1.png,http://www.osn.com,False,1,0.0,0.0
338,OSN Comedy,http://content.osn.com/logo/channel/cropped/OCO.png,http://www.osn.com,False,1,0.0,0.0
339,Golf+, https://tel.img.pmdstatic.net/fit/https.3A.2F.2Fprd2-tel-epg-img.2Es3-eu-west-1.2Eamazonaws.2Ecom.2Fchannel.2F57c9f12a257453d0.2Epng/80x80/quality/80/golfplus.png,http://www.programme-tv.net,False,1,0.0,0.0
340,Automoto, https://tel.img.pmdstatic.net/fit/https.3A.2F.2Fprd2-tel-epg-img.2Es3-eu-west-1.2Eamazonaws.2Ecom.2Fchannel.2F42866761d8d5efe1.2Epng/80x80/quality/80/automoto.png,http://www.programme-tv.net,False,1,0.0,0.0
341,OLTV, https://tel.img.pmdstatic.net/fit/https.3A.2F.2Fprd2-tel-epg-img.2Es3-eu-west-1.2Eamazonaws.2Ecom.2Fchannel.2Fc85399a0ae331674.2Epng/80x80/quality/80/oltv.png,http://www.programme-tv.net,False,1,0.0,0.0
342,Onzéo, https://tel.img.pmdstatic.net/fit/https.3A.2F.2Fprd2-tel-epg-img.2Es3-eu-west-1.2Eamazonaws.2Ecom.2Fchannel.2Ff9bf8a2e492af6b9.2Epng/80x80/quality/80/onzeo.png,http://www.programme-tv.net,False,1,0.0,0.0
343,RMC Sport 4, https://tel.img.pmdstatic.net/fit/https.3A.2F.2Fprd2-tel-epg-img.2Es3-eu-west-1.2Eamazonaws.2Ecom.2Fchannel.2F4c2eaf382cededb2.2Epng/80x80/quality/80/rmc-sport-4.png,http://www.programme-tv.net,False,1,0.0,0.0
344,RMC Sport 3, https://tel.img.pmdstatic.net/fit/https.3A.2F.2Fprd2-tel-epg-img.2Es3-eu-west-1.2Eamazonaws.2Ecom.2Fchannel.2F05c77dc50ffcbd5e.2Epng/80x80/quality/80/rmc-sport-3.png,http://www.programme-tv.net,False,1,0.0,0.0
345,RMC Sport 2, https://tel.img.pmdstatic.net/fit/https.3A.2F.2Fprd2-tel-epg-img.2Es3-eu-west-1.2Eamazonaws.2Ecom.2Fchannel.2Fafa05a283910ac4b.2Epng/80x80/quality/80/rmc-sport-2.png,http://www.programme-tv.net,False,1,0.0,0.0
346,RMC Sport 1, https://tel.img.pmdstatic.net/fit/https.3A.2F.2Fprd2-tel-epg-img.2Es3-eu-west-1.2Eamazonaws.2Ecom.2Fchannel.2F660e3a41a2d5ce45.2Epng/80x80/quality/80/rmc-sport-1.png,http://www.programme-tv.net,False,1,0.0,0.0
347,beIN SPORTS 3, https://tel.img.pmdstatic.net/fit/https.3A.2F.2Fprd2-tel-epg-img.2Es3-eu-west-1.2Eamazonaws.2Ecom.2Fchannel.2Fce8a608c29386dd9.2Epng/80x80/quality/80/bein-sports-3.png,http://www.programme-tv.net,False,1,0.0,0.0
348,beIN SPORTS 2, https://tel.img.pmdstatic.net/fit/https.3A.2F.2Fprd2-tel-epg-img.2Es3-eu-west-1.2Eamazonaws.2Ecom.2Fchannel.2F4bbb8d9f79b28788.2Epng/80x80/quality/80/bein-sports-2.png,http://www.programme-tv.net,False,1,0.0,0.0
349,beIN SPORTS 1, https://tel.img.pmdstatic.net/fit/https.3A.2F.2Fprd2-tel-epg-img.2Es3-eu-west-1.2Eamazonaws.2Ecom.2Fchannel.2Fe8d1e76d5cd0dcb6.2Epng/80x80/quality/80/bein-sports-1.png,http://www.programme-tv.net,False,1,0.0,0.0
350,Eurosport 2, https://tel.img.pmdstatic.net/fit/https.3A.2F.2Fprd2-tel-epg-img.2Es3-eu-west-1.2Eamazonaws.2Ecom.2Fchannel.2F0b05c75eb14a5d15.2Epng/80x80/quality/80/eurosport-2.png,http://www.programme-tv.net,False,1,0.0,0.0
351,Eurosport 1, https://tel.img.pmdstatic.net/fit/https.3A.2F.2Fprd2-tel-epg-img.2Es3-eu-west-1.2Eamazonaws.2Ecom.2Fchannel.2F011c8fc9c95e6756.2Epng/80x80/quality/80/eurosport-1.png,http://www.programme-tv.net,False,1,0.0,0.0
352,Infosport+, https://tel.img.pmdstatic.net/fit/https.3A.2F.2Fprd2-tel-epg-img.2Es3-eu-west-1.2Eamazonaws.2Ecom.2Fchannel.2F70f1ca244fd14ebd.2Epng/80x80/quality/80/infosportplus.png,http://www.programme-tv.net,False,1,0.0,0.0
353,KTO, https://tel.img.pmdstatic.net/fit/https.3A.2F.2Fprd2-tel-epg-img.2Es3-eu-west-1.2Eamazonaws.2Ecom.2Fchannel.2F5abf7243cef51be2.2Epng/80x80/quality/80/kto.png,http://www.programme-tv.net,False,1,0.0,0.0
354,I24news, https://tel.img.pmdstatic.net/fit/https.3A.2F.2Fprd2-tel-epg-img.2Es3-eu-west-1.2Eamazonaws.2Ecom.2Fchannel.2F9808b61ec0b68270.2Epng/80x80/quality/80/i24news.png,http://www.programme-tv.net,False,1,0.0,0.0
355,CNN, https://tel.img.pmdstatic.net/fit/https.3A.2F.2Fprd2-tel-epg-img.2Es3-eu-west-1.2Eamazonaws.2Ecom.2Fchannel.2F0e520c59fae7a482.2Epng/80x80/quality/80/cnn.png,http://www.programme-tv.net,False,1,0.0,0.0
356,BFM Business, https://tel.img.pmdstatic.net/fit/https.3A.2F.2Fprd2-tel-epg-img.2Es3-eu-west-1.2Eamazonaws.2Ecom.2Fchannel.2F98046f2ed89e2e0e.2Epng/80x80/quality/80/bfm-business.png,http://www.programme-tv.net,False,1,0.0,0.0
357,Euronews, https://tel.img.pmdstatic.net/fit/https.3A.2F.2Fprd2-tel-epg-img.2Es3-eu-west-1.2Eamazonaws.2Ecom.2Fchannel.2F2a9727922f0d8f4a.2Epng/80x80/quality/80/euronews.png,http://www.programme-tv.net,False,1,0.0,0.0
358,La Chaîne Météo, https://tel.img.pmdstatic.net/fit/https.3A.2F.2Fprd2-tel-epg-img.2Es3-eu-west-1.2Eamazonaws.2Ecom.2Fchannel.2F1083cefa309b092a.2Epng/80x80/quality/80/la-chaine-meteo.png,http://www.programme-tv.net,False,1,0.0,0.0
359,Seasons, https://tel.img.pmdstatic.net/fit/https.3A.2F.2Fprd2-tel-epg-img.2Es3-eu-west-1.2Eamazonaws.2Ecom.2Fchannel.2Ff94fd267907af274.2Epng/80x80/quality/80/seasons.png,http://www.programme-tv.net,False,1,0.0,0.0
360,Trek, https://tel.img.pmdstatic.net/fit/https.3A.2F.2Fprd2-tel-epg-img.2Es3-eu-west-1.2Eamazonaws.2Ecom.2Fchannel.2F74ab191e92e23716.2Epng/80x80/quality/80/trek.png,http://www.programme-tv.net,False,1,0.0,0.0
361,Animaux, https://tel.img.pmdstatic.net/fit/https.3A.2F.2Fprd2-tel-epg-img.2Es3-eu-west-1.2Eamazonaws.2Ecom.2Fchannel.2F23ccb06fb2c68b22.2Epng/80x80/quality/80/animaux.png,http://www.programme-tv.net,False,1,0.0,0.0
362,Histoire, https://tel.img.pmdstatic.net/fit/https.3A.2F.2Fprd2-tel-epg-img.2Es3-eu-west-1.2Eamazonaws.2Ecom.2Fchannel.2Fae6842d13f64cc42.2Epng/80x80/quality/80/histoire-tv.png,http://www.programme-tv.net,False,1,0.0,0.0
363,Ushuaïa TV, https://tel.img.pmdstatic.net/fit/https.3A.2F.2Fprd2-tel-epg-img.2Es3-eu-west-1.2Eamazonaws.2Ecom.2Fchannel.2F57f7178645396f8f.2Epng/80x80/quality/80/ushuaia-tv.png,http://www.programme-tv.net,False,1,0.0,0.0
364,Nat Geo Wild, https://tel.img.pmdstatic.net/fit/https.3A.2F.2Fprd2-tel-epg-img.2Es3-eu-west-1.2Eamazonaws.2Ecom.2Fchannel.2Fc5a40efcfc1b9fc6.2Epng/80x80/quality/80/nat-geo-wild.png,http://www.programme-tv.net,False,1,0.0,0.0
365,National Geographic, https://tel.img.pmdstatic.net/fit/https.3A.2F.2Fprd2-tel-epg-img.2Es3-eu-west-1.2Eamazonaws.2Ecom.2Fchannel.2F59a6bac22a41087b.2Epng/80x80/quality/80/national-geographic.png,http://www.programme-tv.net,False,1,0.0,0.0
366,Planète+ Aventure Expérience, https://tel.img.pmdstatic.net/fit/https.3A.2F.2Fprd2-tel-epg-img.2Es3-eu-west-1.2Eamazonaws.2Ecom.2Fchannel.2F6cb5f38dbfebbc80.2Epng/80x80/quality/80/planeteplus-aventure-experience.png,http://www.programme-tv.net,False,1,0.0,0.0
367,Planète+ Crime Investigation, https://tel.img.pmdstatic.net/fit/https.3A.2F.2Fprd2-tel-epg-img.2Es3-eu-west-1.2Eamazonaws.2Ecom.2Fchannel.2F20eb72545f38c83e.2Epng/80x80/quality/80/planeteplus-crime-investigation.png,http://www.programme-tv.net,False,1,0.0,0.0
368,M6 Boutique, https://tel.img.pmdstatic.net/fit/https.3A.2F.2Fprd2-tel-epg-img.2Es3-eu-west-1.2Eamazonaws.2Ecom.2Fchannel.2F92e431a5a4dc3bed.2Epng/80x80/quality/80/m6-boutique.png,http://www.programme-tv.net,False,1,0.0,0.0
369,Equidia, https://tel.img.pmdstatic.net/fit/https.3A.2F.2Fprd2-tel-epg-img.2Es3-eu-west-1.2Eamazonaws.2Ecom.2Fchannel.2F57f850d8546962e8.2Epng/80x80/quality/80/equidia.png,http://www.programme-tv.net,False,1,0.0,0.0
370,CHERIE 25,,http://www.canalplus.com,False,1,0.0,0.0
371,Al Nahar Drama,https://media.elcinema.com/tvguide/1223_1.png,http://www.elcinema.com,False,1,0.0,0.0
372,VICELAND,,http://www.canalplus.com,False,1,0.0,0.0
373,SCIENCE ET VIE TV,,http://www.canalplus.com,False,1,0.0,0.0
374,HISTOIRE,,http://www.canalplus.com,False,1,0.0,0.0
375,USHUAIA TV,,http://www.canalplus.com,False,1,0.0,0.0
376,NAT GEO WILD,,http://www.canalplus.com,False,1,0.0,0.0
377,NATIONAL GEO,,http://www.canalplus.com,False,1,0.0,0.0
378,PLANETE+ A&E,,http://www.canalplus.com,False,1,0.0,0.0
379,PLANETE+ CI,,http://www.canalplus.com,False,1,0.0,0.0
380,PLANETE+,,http://www.canalplus.com,False,1,0.0,0.0
381,RMC DECOUVERTE,,http://www.canalplus.com,False,1,0.0,0.0
382,LA CHAINE METEO,,http://www.canalplus.com,False,1,0.0,0.0
383,MUSEUM,,http://www.canalplus.com,False,1,0.0,0.0
384,ASTROCENTER TV,,http://www.canalplus.com,False,1,0.0,0.0
385,TV5 MONDE,,http://www.canalplus.com,False,1,0.0,0.0
386,NUMERO 23,,http://www.canalplus.com,False,1,0.0,0.0
387,6TER,,http://www.canalplus.com,False,1,0.0,0.0
388,DJAZZ,,http://www.canalplus.com,False,1,0.0,0.0
389,BRAVA,,http://www.canalplus.com,False,1,0.0,0.0
390,MEZZO LIVE,,http://www.canalplus.com,False,1,0.0,0.0
391,MEZZO,,http://www.canalplus.com,False,1,0.0,0.0
392,MELODY,,http://www.canalplus.com,False,1,0.0,0.0
393,RFM TV,,http://www.canalplus.com,False,2,0.0,0.0
394,TRACE URBAN,,http://www.canalplus.com,False,1,0.0,0.0
395,NRJ HITS,,http://www.canalplus.com,False,1,0.0,0.0
396,M6 MUSIC,,http://www.canalplus.com,False,1,0.0,0.0
397,CSTAR HITS FRANCE,,http://www.canalplus.com,False,1,0.0,0.0
398,MANGAS,,http://www.canalplus.com,False,1,0.0,0.0
399,GAME ONE,,http://www.canalplus.com,False,1,0.0,0.0
400,MCM,,http://www.canalplus.com,False,2,0.0,0.0
401,MTV,,http://www.canalplus.com,False,3,0.0,0.0
402,Abu Dhabi Drama,https://media.elcinema.com/tvguide/1178_1.png,http://www.elcinema.com,False,1,0.0,0.0
403,Al Saeedah,https://media.elcinema.com/tvguide/1339_1.png,http://www.elcinema.com,False,1,0.0,0.0
404,SEASONS,,http://www.canalplus.com,False,1,0.0,0.0
405,Nick Jr,http://content.osn.com/logo/channel/cropped/NJR.png,http://www.osn.com,False,1,0.0,0.0
406,Disney Junior,http://content.osn.com/logo/channel/cropped/DJR.png,http://www.osn.com,False,2,0.0,0.0
407,VH1,http://content.osn.com/logo/channel/cropped/VH1.png,http://www.osn.com,False,2,0.0,0.0
408,MTV Live HD,http://content.osn.com/logo/channel/cropped/MTL.png,http://www.osn.com,False,1,0.0,0.0
409,B4U Aflam,http://content.osn.com/logo/channel/cropped/B4A.png,http://www.osn.com,False,1,0.0,0.0
410,Real Madrid TV,https://television.telerama.fr/sites/tr_master/files/sheet_media/tv/150x150/478.png,http://www.telerama.fr,False,1,0.0,0.0
411,VOOsport World 2,https://television.telerama.fr/sites/tr_master/files/sheet_media/tv/150x150/414.png,http://www.telerama.fr,False,2,0.0,0.0
412,VOOsport World 1,https://television.telerama.fr/sites/tr_master/files/sheet_media/tv/150x150/413.png,http://www.telerama.fr,False,2,0.0,0.0
413,La Une,https://television.telerama.fr/sites/tr_master/files/sheet_media/tv/150x150/164.png,http://www.telerama.fr,False,2,0.0,0.0
414,La Trois,https://television.telerama.fr/sites/tr_master/files/sheet_media/tv/150x150/892.png,http://www.telerama.fr,False,2,0.0,0.0
415,La Deux,https://television.telerama.fr/sites/tr_master/files/sheet_media/tv/150x150/187.png,http://www.telerama.fr,False,2,0.0,0.0
416,Be Séries,https://television.telerama.fr/sites/tr_master/files/sheet_media/tv/150x150/418.png,http://www.telerama.fr,False,2,0.0,0.0
417,Be Ciné,https://television.telerama.fr/sites/tr_master/files/sheet_media/tv/150x150/417.png,http://www.telerama.fr,False,2,0.0,0.0
418,BE 1,https://television.telerama.fr/sites/tr_master/files/sheet_media/tv/150x150/29.png,http://www.telerama.fr,False,2,0.0,0.0
419,BBC World News,https://television.telerama.fr/sites/tr_master/files/sheet_media/tv/150x150/19.png,http://www.telerama.fr,False,1,0.0,0.0
420,Al Jazeera English,https://television.telerama.fr/sites/tr_master/files/sheet_media/tv/150x150/525.png,http://www.telerama.fr,False,2,0.0,0.0
421,Science & Vie TV,https://television.telerama.fr/sites/tr_master/files/sheet_media/tv/150x150/63.png,http://www.telerama.fr,False,2,0.0,0.0
422,Discovery Science,https://television.telerama.fr/sites/tr_master/files/sheet_media/tv/150x150/1374.png,http://www.telerama.fr,False,2,0.0,0.0
423,Discovery Channel,https://television.telerama.fr/sites/tr_master/files/sheet_media/tv/150x150/400.png,http://www.telerama.fr,False,2,0.0,0.0
424,Chasse et pêche,https://television.telerama.fr/sites/tr_master/files/sheet_media/tv/150x150/38.png,http://www.telerama.fr,False,2,0.0,0.0
425,E !,https://television.telerama.fr/sites/tr_master/files/sheet_media/tv/150x150/405.png,http://www.telerama.fr,False,2,0.0,0.0
426,AB 3,https://television.telerama.fr/sites/tr_master/files/sheet_media/tv/150x150/254.png,http://www.telerama.fr,False,2,0.0,0.0
427,NRJ Hits,https://television.telerama.fr/sites/tr_master/files/sheet_media/tv/150x150/605.png,http://www.telerama.fr,False,2,0.0,0.0
428,MTV Base,https://television.telerama.fr/sites/tr_master/files/sheet_media/tv/150x150/263.png,http://www.telerama.fr,False,1,0.0,0.0
429,MTV Rocks,https://television.telerama.fr/sites/tr_master/files/sheet_media/tv/150x150/264.png,http://www.telerama.fr,False,2,0.0,0.0
430,OSN Movies Disney,http://content.osn.com/logo/channel/cropped/OFM.png,http://www.osn.com,False,1,0.0,0.0
431,OSN Kids,http://content.osn.com/logo/channel/cropped/OMK.png,http://www.osn.com,False,1,0.0,0.0
432,OSN Enigma,http://content.osn.com/logo/channel/cropped/OCM.png,http://www.osn.com,False,1,0.0,0.0
433,OSN Movies,http://content.osn.com/logo/channel/cropped/OPR.png,http://www.osn.com,False,1,0.0,0.0
434,OSN Action,http://content.osn.com/logo/channel/cropped/AHD.png,http://www.osn.com,False,1,0.0,0.0
435,Nickelodeon HD,http://content.osn.com/logo/channel/cropped/NIC.png,http://www.osn.com,False,1,0.0,0.0
436,OSN Kid Zone TV,http://content.osn.com/logo/channel/cropped/KDZ.png,http://www.osn.com,False,1,0.0,0.0
437,Rotana Khalijiah,https://media.elcinema.com/tvguide/1149_1.png,http://www.elcinema.com,False,1,0.0,0.0
438,NickToons HD,http://content.osn.com/logo/channel/cropped/NKT.png,http://www.osn.com,False,1,0.0,0.0
439,Rotana Drama,https://media.elcinema.com/tvguide/1147_1.png,http://www.elcinema.com,False,1,0.0,0.0
440,ART Aflam 2,https://media.elcinema.com/tvguide/1121_1.png,http://www.elcinema.com,False,2,0.0,0.0
441,ART Aflam 1,https://media.elcinema.com/tvguide/1120_1.png,http://www.elcinema.com,False,2,0.0,0.0
442,ART Cinema,https://media.elcinema.com/tvguide/1195_1.png,http://www.elcinema.com,False,2,0.0,0.0
443,Cima,https://media.elcinema.com/tvguide/1176_1.png,http://www.elcinema.com,False,1,0.0,0.0
444,CBC sofra,https://media.elcinema.com/tvguide/1260_1.png,http://www.elcinema.com,False,1,0.0,0.0
445,LBCI,https://media.elcinema.com/tvguide/1168_1.png,http://www.elcinema.com,False,1,0.0,0.0
446,Alsumaria,https://media.elcinema.com/tvguide/1301_1.png,http://www.elcinema.com,False,1,0.0,0.0
447,Dubai One,https://media.elcinema.com/tvguide/1173_1.png,http://www.elcinema.com,False,1,0.0,0.0
448,Dubai TV,https://media.elcinema.com/tvguide/1169_1.png,http://www.elcinema.com,False,1,0.0,0.0
449,Emirates,https://media.elcinema.com/tvguide/1135_1.png,http://www.elcinema.com,False,1,0.0,0.0
450,Saudiya TV,https://media.elcinema.com/tvguide/1352_1.png,http://www.elcinema.com,False,1,0.0,0.0
451,MBC Iraq,https://media.elcinema.com/tvguide/1340_1.png,http://www.elcinema.com,False,1,0.0,0.0
452,MBC Egypt,https://media.elcinema.com/tvguide/1239_1.png,http://www.elcinema.com,False,1,0.0,0.0
453,MBC Drama,https://media.elcinema.com/tvguide/1194_1.png,http://www.elcinema.com,False,1,0.0,0.0
454,MBC MASR 2,https://media.elcinema.com/tvguide/1278_1.png,http://www.elcinema.com,False,1,0.0,0.0
455,MBC Drama +,https://media.elcinema.com/tvguide/1131_1.png,http://www.elcinema.com,False,1,0.0,0.0
456,MBC Bollywood,https://media.elcinema.com/tvguide/1259_1.png,http://www.elcinema.com,False,1,0.0,0.0
457,MBC 4,https://media.elcinema.com/tvguide/1129_1.png,http://www.elcinema.com,False,1,0.0,0.0
458,MBC 2,https://media.elcinema.com/tvguide/1128_1.png,http://www.elcinema.com,False,1,0.0,0.0
459,MBC Action,https://media.elcinema.com/tvguide/1130_1.png,http://www.elcinema.com,False,1,0.0,0.0
460,MBC MAX,https://media.elcinema.com/tvguide/1132_1.png,http://www.elcinema.com,False,1,0.0,0.0
461,MBC,https://media.elcinema.com/tvguide/1127_1.png,http://www.elcinema.com,False,1,0.0,0.0
462,MBC 3,https://media.elcinema.com/tvguide/1241_1.png,http://www.elcinema.com,False,1,0.0,0.0
463,Bloomberg,http://content.osn.com/logo/channel/cropped/BTV.png,http://www.osn.com,False,1,0.0,0.0
464,CNBC,http://content.osn.com/logo/channel/cropped/CNB.png,http://www.osn.com,False,1,0.0,0.0
465,BBC World,http://content.osn.com/logo/channel/cropped/BBW.png,http://www.osn.com,False,1,0.0,0.0
466,Sky News HD,http://content.osn.com/logo/channel/cropped/SKH.png,http://www.osn.com,False,1,0.0,0.0
467,Baby TV Europe,http://content.osn.com/logo/channel/cropped/BAB.png,http://www.osn.com,False,1,0.0,0.0
468,ANIMAUX,,http://www.canalplus.com,False,1,0.0,0.0
469,CHASSE ET PECHE,,http://www.canalplus.com,False,1,0.0,0.0
470,OSN Binge,http://content.osn.com/logo/channel/cropped/OBG.png,http://www.osn.com,False,1,0.0,0.0
471,beIN FOX Family Movies,https://epg.beinsports.com/mena_entertaintment/FOXFamilyMovies.svg?2017,http://www.bein.net,False,1,0.0,0.0
472,DreamWorks English,https://epg.beinsports.com/mena_entertaintment/DreamWorks.svg?2017,http://www.bein.net,False,1,0.0,0.0
473,CBeebies English,https://epg.beinsports.com/mena_entertaintment/CBeebies.png,http://www.bein.net,False,1,0.0,0.0
474,Baby_TV English,https://epg.beinsports.com/mena_entertaintment/Baby_TV.svg?2017,http://www.bein.net,False,1,0.0,0.0
475,CartoonNetworkHindi,https://epg.beinsports.com/mena_entertaintment/CartoonNetworkHindi.svg,http://www.bein.net,False,1,0.0,0.0
476,CartoonNetworkAR,https://epg.beinsports.com/mena_entertaintment/CartoonNetworkAR.svg,http://www.bein.net,False,1,0.0,0.0
477,CartoonNetworkHD,https://epg.beinsports.com/mena_entertaintment/CartoonNetworkHD.png,http://www.bein.net,False,1,0.0,0.0
478,Baraem English,https://epg.beinsports.com/mena_entertaintment/Baraem.svg?2017,http://www.bein.net,False,1,0.0,0.0
479,Jeem English,https://epg.beinsports.com/mena_entertaintment/Jeem.svg?20158888,http://www.bein.net,False,1,0.0,0.0
480,beJUNIOR English,https://epg.beinsports.com/mena_entertaintment/beJUNIOR.svg,http://www.bein.net,False,1,0.0,0.0
481,gourmet English,https://epg.beinsports.com/mena_entertaintment/gourmet.svg,http://www.bein.net,False,1,0.0,0.0
482,DramaHD1 English,https://epg.beinsports.com/mena_entertaintment/DramaHD1.svg?1232,http://www.bein.net,False,1,0.0,0.0
483,SeriesHD2 English,https://epg.beinsports.com/mena_entertaintment/SeriesHD2.svg?123,http://www.bein.net,False,1,0.0,0.0
484,SeriesHD1 English,https://epg.beinsports.com/mena_entertaintment/SeriesHD1.svg?111,http://www.bein.net,False,1,0.0,0.0
485,BoxOffice_HD1 English,https://epg.beinsports.com/mena_entertaintment/BoxOffice_HD1.svg?2020,http://www.bein.net,False,1,0.0,0.0
486,MoviesHD4 English,https://epg.beinsports.com/mena_entertaintment/MoviesHD4.svg?2018,http://www.bein.net,False,1,0.0,0.0
487,MoviesHD3 English,https://epg.beinsports.com/mena_entertaintment/MoviesHD3.svg?2018,http://www.bein.net,False,1,0.0,0.0
488,MoviesHD2 English,https://epg.beinsports.com/mena_entertaintment/MoviesHD2.svg?2018,http://www.bein.net,False,1,0.0,0.0
489,MoviesHD1 English,https://epg.beinsports.com/mena_entertaintment/MoviesHD1.svg?2018,http://www.bein.net,False,1,0.0,0.0
490,BS3,https://epg.beinsports.com/au_sports/BS3.svg,http://www.bein.net,False,1,0.0,0.0
491,BS2,https://epg.beinsports.com/au_sports/BS2.svg,http://www.bein.net,False,1,0.0,0.0
492,BS1,https://epg.beinsports.com/au_sports/BS1.svg,http://www.bein.net,False,1,0.0,0.0
493,Watania 2,http://www.watania2.tn/sites/default/files/main_logo_watania2_0.png,http://www.watania.tn,False,1,0.0,0.0
494,Watania 1,http://www.watania1.tn/sites/default/files/main_logo_watania1_0.png,http://www.watania.tn,False,1,0.0,0.0
495,Crime \\u0026 Investigation Network,http://content.osn.com/logo/channel/cropped/CAI.png,http://www.osn.com,False,1,0.0,0.0
496,Sharqiya from Kalba,http://content.osn.com/logo/channel/cropped/SQK.png,http://www.osn.com,False,1,0.0,0.0
497,Al Qurain HD,http://content.osn.com/logo/channel/cropped/KTQ.png,http://www.osn.com,False,1,0.0,0.0
498,KTV Majlis HD,http://content.osn.com/logo/channel/cropped/KTM.png,http://www.osn.com,False,1,0.0,0.0
499,KTV Arabe HD,http://content.osn.com/logo/channel/cropped/KTA.png,http://www.osn.com,False,1,0.0,0.0
500,KTV Ethraa HD,http://content.osn.com/logo/channel/cropped/KTE.png,http://www.osn.com,False,1,0.0,0.0
501,JimJam English,https://epg.beinsports.com/mena_entertaintment/JimJam.svg?2017,http://www.bein.net,False,1,0.0,0.0
502,OSN Movies First+2,http://content.osn.com/logo/channel/cropped/OMX.png,http://www.osn.com,False,1,0.0,0.0
503,KTV1 HD,http://content.osn.com/logo/channel/cropped/KT1.png,http://www.osn.com,False,1,0.0,0.0
504,beIN Star World HD,https://epg.beinsports.com/mena_entertaintment/Star_World_HD.svg?2017,http://www.bein.net,False,1,0.0,0.0
505,OSN Series First,http://content.osn.com/logo/channel/cropped/OFH.png,http://www.osn.com,False,1,0.0,0.0
506,Al Roya TV,http://content.osn.com/logo/channel/cropped/ROY.png,http://www.osn.com,False,1,0.0,0.0
507,Aghani Aghani,http://content.osn.com/logo/channel/cropped/AGH.png,http://www.osn.com,False,1,0.0,0.0
508,Bahrain TV,http://content.osn.com/logo/channel/cropped/BAH.png,http://www.osn.com,False,1,0.0,0.0
509,Al Dafrah TV,http://content.osn.com/logo/channel/cropped/DAF.png,http://www.osn.com,False,1,0.0,0.0
510,Al Wosta from Al Dhaid,http://content.osn.com/logo/channel/cropped/WAD.png,http://www.osn.com,False,1,0.0,0.0
511,HLN English,https://epg.beinsports.com/mena_entertaintment/HLN.svg,http://www.bein.net,False,1,0.0,0.0
512,Bloomberg English,https://epg.beinsports.com/mena_entertaintment/Bloomberg.svg?2017,http://www.bein.net,False,1,0.0,0.0
513,CNNHD English,https://epg.beinsports.com/mena_entertaintment/CNNHD.svg,http://www.bein.net,False,1,0.0,0.0
514,Euronews English,https://epg.beinsports.com/mena_entertaintment/Euronews.jpg?2017,http://www.bein.net,False,1,0.0,0.0
515,TRTWorld English,https://epg.beinsports.com/mena_entertaintment/TRTWorld.png?2017,http://www.bein.net,False,1,0.0,0.0
516,AljazeeraDocumentary English,https://epg.beinsports.com/mena_entertaintment/AljazeeraDocumentary.png?2017,http://www.bein.net,False,1,0.0,0.0
517,BBCEarth English,https://epg.beinsports.com/mena_entertaintment/BBCEarth.png,http://www.bein.net,False,1,0.0,0.0
518,NatGeo_HD English,https://epg.beinsports.com/mena_entertaintment/NatGeo_HD.svg?2017,http://www.bein.net,False,1,0.0,0.0
519,NatGeoPeople_HD English,https://epg.beinsports.com/mena_entertaintment/NatGeoPeople_HD.svg?2017,http://www.bein.net,False,1,0.0,0.0
520,NatGeoWild_HD English,https://epg.beinsports.com/mena_entertaintment/NatGeoWild_HD.svg?2017,http://www.bein.net,False,1,0.0,0.0
521,FXHD English,https://epg.beinsports.com/mena_entertaintment/FXHD.svg?2018,http://www.bein.net,False,1,0.0,0.0
522,beIN CBS reality,https://epg.beinsports.com/mena_entertaintment/CBSreality.svg?2017,http://www.bein.net,False,1,0.0,0.0
523,HGTV English,https://epg.beinsports.com/mena_entertaintment/HGTV.svg,http://www.bein.net,False,1,0.0,0.0
524,FoodNetwork English,https://epg.beinsports.com/mena_entertaintment/FoodNetwork.png,http://www.bein.net,False,1,0.0,0.0
525,fatafeat English,https://epg.beinsports.com/mena_entertaintment/fatafeat.png,http://www.bein.net,False,1,0.0,0.0
526,Extreme English,https://epg.beinsports.com/mena_entertaintment/Extreme.svg?2017,http://www.bein.net,False,1,0.0,0.0
527,TravelChannel English,https://epg.beinsports.com/mena_entertaintment/TravelChannel.svg,http://www.bein.net,False,1,0.0,0.0
528,V_HD English,https://epg.beinsports.com/mena_entertaintment/V_HD.jpg,http://www.bein.net,False,1,0.0,0.0
529,OutdoorChannel English,https://epg.beinsports.com/mena_entertaintment/OutdoorChannel.svg?2017,http://www.bein.net,False,1,0.0,0.0
530,FOXHD English,https://epg.beinsports.com/mena_entertaintment/FOXHD.svg,http://www.bein.net,False,1,0.0,0.0
531,beIN StarMovies,https://epg.beinsports.com/mena_entertaintment/Star_Movies_HD.svg?2017,http://www.bein.net,False,1,0.0,0.0
532,amc English,https://epg.beinsports.com/mena_entertaintment/amc.svg,http://www.bein.net,False,1,0.0,0.0
533,TCM English,https://epg.beinsports.com/mena_entertaintment/TCM.svg,http://www.bein.net,False,1,0.0,0.0
534,KTV2 HD,http://content.osn.com/logo/channel/cropped/KT2.png,http://www.osn.com,False,1,0.0,0.0
535,Beity TV,http://content.osn.com/logo/channel/cropped/BEI.png,http://www.osn.com,False,1,0.0,0.0
536,CNEWS,,http://www.canalplus.com,False,2,0.0,0.0
537,BEIN SPORTS MAX 10,,http://www.canalplus.com,False,1,0.0,0.0
538,BEIN SPORTS MAX 8,,http://www.canalplus.com,False,1,0.0,0.0
539,BEIN SPORTS MAX 7,,http://www.canalplus.com,False,1,0.0,0.0
540,BEIN SPORTS MAX 6,,http://www.canalplus.com,False,1,0.0,0.0
541,BEIN SPORTS MAX 5,,http://www.canalplus.com,False,1,0.0,0.0
542,BEIN SPORTS MAX 4,,http://www.canalplus.com,False,1,0.0,0.0
543,FOOT+ 24/24,,http://www.canalplus.com,False,1,0.0,0.0
544,RMC SPORT 4,,http://www.canalplus.com,False,1,0.0,0.0
545,RMC SPORT 3,,http://www.canalplus.com,False,1,0.0,0.0
546,RMC SPORT 2,,http://www.canalplus.com,False,1,0.0,0.0
547,RMC SPORT 1,,http://www.canalplus.com,False,1,0.0,0.0
548,L'EQUIPE,,http://www.canalplus.com,False,1,0.0,0.0
549,GOLF+,,http://www.canalplus.com,False,1,0.0,0.0
550,BEIN SPORTS 3,,http://www.canalplus.com,False,1,0.0,0.0
551,BEIN SPORTS 2,,http://www.canalplus.com,False,1,0.0,0.0
552,BEIN SPORTS 1,,http://www.canalplus.com,False,1,0.0,0.0
553,EQUIDIA,,http://www.canalplus.com,False,1,0.0,0.0
554,AB MOTEURS,,http://www.canalplus.com,False,1,0.0,0.0
555,EUROSPORT 2,,http://www.canalplus.com,False,1,0.0,0.0
556,EUROSPORT 1,,http://www.canalplus.com,False,1,0.0,0.0
557,INFOSPORT+,,http://www.canalplus.com,False,1,0.0,0.0
558,EURONEWS,,http://www.canalplus.com,False,1,0.0,0.0
559,BBC WORLD NEWS,,http://www.canalplus.com,False,1,0.0,0.0
560,CNN INT.,,http://www.canalplus.com,False,1,0.0,0.0
561,BFM BUSINESS,,http://www.canalplus.com,False,1,0.0,0.0
562,LCP,,http://www.canalplus.com,False,1,0.0,0.0
563,FRANCE 24,,http://www.canalplus.com,False,1,0.0,0.0
564,FRANCEINFO:,,http://www.canalplus.com,False,1,0.0,0.0
565,LCI,,http://www.canalplus.com,False,1,0.0,0.0
566,BFM TV,,http://www.canalplus.com,False,1,0.0,0.0
567,BEIN SPORTS MAX 9,,http://www.canalplus.com,False,1,0.0,0.0
568,Piwi+, https://tel.img.pmdstatic.net/fit/https.3A.2F.2Fprd2-tel-epg-img.2Es3-eu-west-1.2Eamazonaws.2Ecom.2Fchannel.2F07c0bf5d658a342e.2Epng/80x80/quality/80/piwiplus.png,http://www.programme-tv.net,False,1,0.0,0.0
569,Al Aan TV,http://content.osn.com/logo/channel/cropped/AAN.png,http://www.osn.com,False,1,0.0,0.0
570,Nickelodeon Junior, https://tel.img.pmdstatic.net/fit/https.3A.2F.2Fprd2-tel-epg-img.2Es3-eu-west-1.2Eamazonaws.2Ecom.2Fchannel.2Fac84c77e89cd9b32.2Epng/80x80/quality/80/nickelodeon-junior.png,http://www.programme-tv.net,False,1,0.0,0.0
571,Ellay.com,http://content.osn.com/logo/channel/cropped/ELL.png,http://www.osn.com,False,1,0.0,0.0
572,Hekayat 2,http://content.osn.com/logo/channel/cropped/HK2.png,http://www.osn.com,False,1,0.0,0.0
573,Hekayat,http://content.osn.com/logo/channel/cropped/HK1.png,http://www.osn.com,False,1,0.0,0.0
574,Music Now,http://content.osn.com/logo/channel/cropped/NOW.png,http://www.osn.com,False,1,0.0,0.0
575,Cinema 2,http://content.osn.com/logo/channel/cropped/CM2.png,http://www.osn.com,False,1,0.0,0.0
576,Cinema 1,http://content.osn.com/logo/channel/cropped/CM1.png,http://www.osn.com,False,1,0.0,0.0
577,beIN SPORTS MAX 4, https://tel.img.pmdstatic.net/fit/https.3A.2F.2Fprd2-tel-epg-img.2Es3-eu-west-1.2Eamazonaws.2Ecom.2Fchannel.2F88a42924c2c4c997.2Epng/80x80/quality/80/bein-sports-max-4.png,http://www.programme-tv.net,False,1,0.0,0.0
578,Pink TV, https://tel.img.pmdstatic.net/fit/https.3A.2F.2Fprd2-tel-epg-img.2Es3-eu-west-1.2Eamazonaws.2Ecom.2Fchannel.2F8a8995cf5e3427ae.2Epng/80x80/quality/80/pink-tv.png,http://www.programme-tv.net,False,1,0.0,0.0
579,XXL, https://tel.img.pmdstatic.net/fit/https.3A.2F.2Fprd2-tel-epg-img.2Es3-eu-west-1.2Eamazonaws.2Ecom.2Fchannel.2Fee385ff55e53018d.2Epng/80x80/quality/80/xxl.png,http://www.programme-tv.net,False,1,0.0,0.0
580,Trace Africa, https://tel.img.pmdstatic.net/fit/https.3A.2F.2Fprd2-tel-epg-img.2Es3-eu-west-1.2Eamazonaws.2Ecom.2Fchannel.2F09e44891d0510f40.2Epng/80x80/quality/80/trace-africa.png,http://www.programme-tv.net,False,1,0.0,0.0
581,A+ International France, https://tel.img.pmdstatic.net/fit/https.3A.2F.2Fprd2-tel-epg-img.2Es3-eu-west-1.2Eamazonaws.2Ecom.2Fchannel.2F0e21757e3e6c4c97.2Epng/80x80/quality/80/aplus-international-france.png,http://www.programme-tv.net,False,1,0.0,0.0
582,Nollywood TV, https://tel.img.pmdstatic.net/fit/https.3A.2F.2Fprd2-tel-epg-img.2Es3-eu-west-1.2Eamazonaws.2Ecom.2Fchannel.2F4933fa7331952df3.2Epng/80x80/quality/80/nollywood-tv.png,http://www.programme-tv.net,False,1,0.0,0.0
583,Mezzo Live HD, https://tel.img.pmdstatic.net/fit/https.3A.2F.2Fprd2-tel-epg-img.2Es3-eu-west-1.2Eamazonaws.2Ecom.2Fchannel.2F6cfb34fa55fa62bf.2Epng/80x80/quality/80/mezzo-live-hd.png,http://www.programme-tv.net,False,1,0.0,0.0
584,Mezzo, https://tel.img.pmdstatic.net/fit/https.3A.2F.2Fprd2-tel-epg-img.2Es3-eu-west-1.2Eamazonaws.2Ecom.2Fchannel.2Ffb319c1ceb073660.2Epng/80x80/quality/80/mezzo.png,http://www.programme-tv.net,False,1,0.0,0.0
585,Melody, https://tel.img.pmdstatic.net/fit/https.3A.2F.2Fprd2-tel-epg-img.2Es3-eu-west-1.2Eamazonaws.2Ecom.2Fchannel.2Fe3cb744efff1a629.2Epng/80x80/quality/80/melody.png,http://www.programme-tv.net,False,1,0.0,0.0
586,MCM Top, https://tel.img.pmdstatic.net/fit/https.3A.2F.2Fprd2-tel-epg-img.2Es3-eu-west-1.2Eamazonaws.2Ecom.2Fchannel.2F4b1a972ef402680d.2Epng/80x80/quality/80/mcm-top.png,http://www.programme-tv.net,False,1,0.0,0.0
587,Trace Urban, https://tel.img.pmdstatic.net/fit/https.3A.2F.2Fprd2-tel-epg-img.2Es3-eu-west-1.2Eamazonaws.2Ecom.2Fchannel.2F05a4da2bd19b8f1e.2Epng/80x80/quality/80/trace-urban.png,http://www.programme-tv.net,False,1,0.0,0.0
588,M6 Music, https://tel.img.pmdstatic.net/fit/https.3A.2F.2Fprd2-tel-epg-img.2Es3-eu-west-1.2Eamazonaws.2Ecom.2Fchannel.2Fb21edcb883601695.2Epng/80x80/quality/80/m6-music.png,http://www.programme-tv.net,False,1,0.0,0.0
589,MTV Hits (France), https://tel.img.pmdstatic.net/fit/https.3A.2F.2Fprd2-tel-epg-img.2Es3-eu-west-1.2Eamazonaws.2Ecom.2Fchannel.2Fe1b23c9ba542f3a2.2Epng/80x80/quality/80/mtv-hits-france.png,http://www.programme-tv.net,False,1,0.0,0.0
590,Disney Channel, https://tel.img.pmdstatic.net/fit/https.3A.2F.2Fprd2-tel-epg-img.2Es3-eu-west-1.2Eamazonaws.2Ecom.2Fchannel.2F9a94d9acc7a9b613.2Epng/80x80/quality/80/disney-channel.png,http://www.programme-tv.net,False,1,0.0,0.0
591,Nickelodéon Teen, https://tel.img.pmdstatic.net/fit/https.3A.2F.2Fprd2-tel-epg-img.2Es3-eu-west-1.2Eamazonaws.2Ecom.2Fchannel.2Fc0a13490bd0576e2.2Epng/80x80/quality/80/nickelodeon-teen.png,http://www.programme-tv.net,False,1,0.0,0.0
592,Toonami, https://tel.img.pmdstatic.net/fit/https.3A.2F.2Fprd2-tel-epg-img.2Es3-eu-west-1.2Eamazonaws.2Ecom.2Fchannel.2Fb16334ac97ca376b.2Epng/80x80/quality/80/toonami.png,http://www.programme-tv.net,False,1,0.0,0.0
593,Boing, https://tel.img.pmdstatic.net/fit/https.3A.2F.2Fprd2-tel-epg-img.2Es3-eu-west-1.2Eamazonaws.2Ecom.2Fchannel.2F0d38be6aa6f7bbd7.2Epng/80x80/quality/80/boing.png,http://www.programme-tv.net,False,1,0.0,0.0
594,Canal J, https://tel.img.pmdstatic.net/fit/https.3A.2F.2Fprd2-tel-epg-img.2Es3-eu-west-1.2Eamazonaws.2Ecom.2Fchannel.2Ff748644545d28ca2.2Epng/80x80/quality/80/canal-j.png,http://www.programme-tv.net,False,1,0.0,0.0
595,TéléToon+, https://tel.img.pmdstatic.net/fit/https.3A.2F.2Fprd2-tel-epg-img.2Es3-eu-west-1.2Eamazonaws.2Ecom.2Fchannel.2Fb7cfe70f3d1defa5.2Epng/80x80/quality/80/teletoonplus.png,http://www.programme-tv.net,False,1,0.0,0.0
596,Nickelodéon, https://tel.img.pmdstatic.net/fit/https.3A.2F.2Fprd2-tel-epg-img.2Es3-eu-west-1.2Eamazonaws.2Ecom.2Fchannel.2F0ad3f1f189f4d3e9.2Epng/80x80/quality/80/nickelodeon.png,http://www.programme-tv.net,False,1,0.0,0.0
597,Cartoon Network, https://tel.img.pmdstatic.net/fit/https.3A.2F.2Fprd2-tel-epg-img.2Es3-eu-west-1.2Eamazonaws.2Ecom.2Fchannel.2Facd5f971abf31f07.2Epng/80x80/quality/80/cartoon-network.png,http://www.programme-tv.net,False,1,0.0,0.0
598,Boomerang, https://tel.img.pmdstatic.net/fit/https.3A.2F.2Fprd2-tel-epg-img.2Es3-eu-west-1.2Eamazonaws.2Ecom.2Fchannel.2F737335dc2fe15da5.2Epng/80x80/quality/80/boomerang.png,http://www.programme-tv.net,False,1,0.0,0.0
599,TIJI, https://tel.img.pmdstatic.net/fit/https.3A.2F.2Fprd2-tel-epg-img.2Es3-eu-west-1.2Eamazonaws.2Ecom.2Fchannel.2F1731ef81f04d9561.2Epng/80x80/quality/80/tiji.png,http://www.programme-tv.net,False,2,0.0,0.0
600,beIN FOX Action Movies,https://epg.beinsports.com/mena_entertaintment/FOXActionMovies.svg?2018,http://www.bein.net,False,1,0.0,0.0
